distortion_type,level,severity,strength_value,eer,auc,min_dcf,cllr,delta_eer,delta_eer_ci_low,delta_eer_ci_high,relative_degradation,mean_abs_delta_score,flip_rate,false_negative,false_positive,attack_success_rate,model_name,dataset
fgsm,40.0,-40.0,40.00398826049292,0.20375,0.889634375,0.8137500000000001,1.514856098986551,0.1975,0.1781329009520623,0.2181509269070366,31.60000000000006,0.2028794898046981,0.196875,216,109,0.1981132075471698,aasist,asvspoof2019_la
fgsm,30.0,-30.0,30.004003925060317,0.469375,0.5487765625000001,0.96375,2.969062999325457,0.463125,0.4387329512055514,0.4887656146236181,74.10000000000014,0.4189362228715956,0.47875,281,495,0.4817610062893082,aasist,asvspoof2019_la
fgsm,20.0,-20.0,20.004022733796518,0.724375,0.20838125,0.9975,4.979730947736848,0.718125,0.6962352846355847,0.7424983140825948,114.9000000000002,0.6268179367155178,0.566875,121,796,0.570440251572327,aasist,asvspoof2019_la
fgsm,10.0,-10.0,10.004104216658742,0.761875,0.161603125,0.99875,4.884517126841159,0.755625,0.733137829734536,0.7781440089847489,120.9000000000002,0.5296562927222124,0.49875,1,799,0.4993710691823899,aasist,asvspoof2019_la
pgd,40.0,-40.0,42.11687360288179,0.729375,0.1828546875,1.0,6.755680318183226,0.723125,0.6993774036496235,0.7450023832215027,115.7000000000002,0.6843436201707317,0.718125,480,679,0.7226415094339622,aasist,asvspoof2019_la
pgd,30.0,-30.0,32.8981483226305,0.99625,0.0002203125,1.0,17.62014463957501,0.99,0.9818817407649204,0.993744448159606,158.4000000000003,0.945015206055376,0.96125,748,800,0.9672955974842768,aasist,asvspoof2019_la
pgd,20.0,-20.0,23.46798598098587,0.99875,4.6874999999999005e-06,1.0,19.297593129795203,0.9925,0.9874887398658794,0.9968702184830172,158.8000000000003,0.9547956422842616,0.973125,767,800,0.979245283018868,aasist,asvspoof2019_la
pgd,10.0,-10.0,13.72163173585106,1.0,0.0,1.0,18.480874245773748,0.99375,0.9887442855256052,0.9974995272543716,159.00000000000028,0.9417386935226628,0.918125,679,800,0.9238993710691824,aasist,asvspoof2019_la
fgsm,40.0,-40.0,40.01350961524829,0.8725,0.0574828124999999,1.0,9.67947078957914,0.71125,0.6887301261768038,0.7356794698195367,4.410852713178294,0.134501195566979,0.715,630,746,0.8427719821162444,aasist3_kan,asvspoof2019_la
fgsm,30.0,-30.0,30.013526130845065,0.890625,0.0521125,1.0,9.87808242840411,0.729375,0.707471909343113,0.7518772383468456,4.523255813953488,0.1012539213110549,0.63125,410,790,0.7272727272727273,aasist3_kan,asvspoof2019_la
fgsm,20.0,-20.0,20.013544597368597,0.771875,0.144590625,1.0,9.960481309538668,0.610625,0.583123233148645,0.6362619332831198,3.786821705426356,0.0984521141997772,0.505625,31,800,0.5149031296572281,aasist3_kan,asvspoof2019_la
fgsm,10.0,-10.0,10.013623083161097,0.47125,0.5273984375,0.995,9.965755551731396,0.31,0.2831331237895904,0.3437345710585579,1.9224806201550384,0.0984500790114923,0.5,0,800,0.5,aasist3_kan,asvspoof2019_la
pgd,40.0,-40.0,43.00835736219553,0.999375,0.0004109374999999,1.0,12.133291280594763,0.838125,0.8193567451716539,0.855619516372774,5.197674418604652,0.5143898368630683,0.8375,799,799,0.9985096870342772,aasist3_kan,asvspoof2019_la
pgd,30.0,-30.0,33.54093563776725,1.0,0.0,1.0,11.824163320073476,0.83875,0.8206240801480071,0.8562500830289361,5.201550387596899,0.4526395326353775,0.83875,800,800,1.0,aasist3_kan,asvspoof2019_la
pgd,20.0,-20.0,23.739498930298723,1.0,0.0,1.0,11.808882564733745,0.83875,0.8206240801480071,0.8562500830289361,5.201550387596899,0.435910615284349,0.835,792,800,0.9947839046199702,aasist3_kan,asvspoof2019_la
pgd,10.0,-10.0,13.869129816416027,1.0,0.0,1.0,11.700145161083247,0.83875,0.8206240801480071,0.8562500830289361,5.201550387596899,0.4214120407875425,0.816875,751,800,0.9687034277198212,aasist3_kan,asvspoof2019_la
fgsm,40.0,-40.0,39.764644346736674,0.354375,0.6638406250000001,1.0,2.3091963989139863,0.3475,0.2987049909447259,0.362533425495581,50.54545454545463,0.2504498268329514,0.248125,128,276,0.2485840151038389,spectra_aasist3,asvspoof2019_la
fgsm,30.0,-30.0,29.921952791406127,0.514375,0.5006406250000001,1.0,3.237328585106068,0.5075000000000001,0.4730460688131795,0.5337447324378667,73.81818181818194,0.3440530078143642,0.324375,83,443,0.3253618628067967,spectra_aasist3,asvspoof2019_la
fgsm,20.0,-20.0,19.988603021722252,0.614375,0.3992124999999999,1.0,3.9287523561563553,0.6075,0.581225085601649,0.636243900964632,88.36363636363652,0.4233249526367572,0.385625,59,565,0.3870358716173694,spectra_aasist3,asvspoof2019_la
fgsm,10.0,-10.0,10.008512960854212,0.5137499999999999,0.5366953125,0.99875,3.764410883857378,0.506875,0.4743900119498598,0.5343987667973872,73.72727272727285,0.3977742028499158,0.339375,46,500,0.3392070484581498,spectra_aasist3,asvspoof2019_la
pgd,40.0,-40.0,42.68582106264704,0.7593749999999999,0.232334375,1.0,5.368294027961706,0.7525,0.7056098189232254,0.7643703073432343,109.45454545454562,0.6569588912223852,0.833125,800,542,0.8382630585273757,spectra_aasist3,asvspoof2019_la
pgd,30.0,-30.0,33.23934118474211,0.826875,0.1364953125,1.0,6.276822492641495,0.8200000000000001,0.8012162422607736,0.8481211863118288,119.27272727272748,0.740798815361749,0.85625,800,577,0.8609188168659534,spectra_aasist3,asvspoof2019_la
pgd,20.0,-20.0,23.570447955522795,0.90375,0.0651531249999999,1.0,6.638821738411542,0.8968750000000001,0.8787277448408962,0.9156688781086832,130.4545454545457,0.7935382070715606,0.860625,800,586,0.8659534298300818,spectra_aasist3,asvspoof2019_la
pgd,10.0,-10.0,13.741086224528049,0.94375,0.0374062499999999,1.0,7.337865732016666,0.936875,0.9206260367614276,0.9518762351013516,136.2727272727275,0.8284202668764011,0.88,800,611,0.8835745752045312,spectra_aasist3,asvspoof2019_la
fgsm,40.0,-40.0,40.0135115957192,0.06125,0.9788640625,0.2299999999999999,0.6297599157564129,0.06,0.0468773483751252,0.0731158403219786,48.000000000000526,0.0607071509453967,0.05375,69,19,0.0538172715894868,ssl_aasist,asvspoof2019_la
fgsm,30.0,-30.0,30.013527885046987,0.0968749999999999,0.9553140625,0.2549999999999999,1.0759618008871263,0.0956249999999999,0.0775030002141709,0.11062889612158,76.5000000000008,0.0862616492213905,0.083125,112,23,0.0832290362953692,ssl_aasist,asvspoof2019_la
fgsm,20.0,-20.0,20.013546793618545,0.11875,0.9385421875,0.2499999999999999,1.127894033227996,0.1175,0.0987514803519285,0.1343757625241661,94.000000000001,0.0933117043774253,0.095,118,36,0.0951188986232791,ssl_aasist,asvspoof2019_la
fgsm,10.0,-10.0,10.013629136753996,0.118125,0.938946875,0.25875,0.9037704308949234,0.116875,0.1018772326079565,0.1356447174353139,93.500000000001,0.1034966288489038,0.11625,100,88,0.1163954943679599,ssl_aasist,asvspoof2019_la
pgd,40.0,-40.0,42.55932492958151,0.936875,0.0167234374999999,1.0,13.043600249814844,0.935625,0.9200082562437844,0.9481238337606006,748.500000000008,0.7729129043368527,0.7175,355,795,0.718397997496871,ssl_aasist,asvspoof2019_la
pgd,30.0,-30.0,33.08817675626889,0.996875,0.0013484374999999,1.0,16.64590108042334,0.995625,0.9852333787103336,0.9975198379206895,796.5000000000084,0.9204673664153502,0.891875,631,798,0.8929912390488111,ssl_aasist,asvspoof2019_la
pgd,20.0,-20.0,23.465617285379164,0.99875,8.124999999999826e-05,1.0,19.074490044922,0.9975,0.9906318598490924,0.9994005511581188,798.0000000000085,0.9878116713653032,0.980625,772,799,0.9818523153942428,ssl_aasist,asvspoof2019_la
pgd,10.0,-10.0,13.6677982093635,0.99875,1.5624999999999668e-06,1.0,19.88544979437844,0.9975,0.9937683153545254,1.0,798.0000000000085,0.9966871538837934,0.998125,799,800,0.9993742177722152,ssl_aasist,asvspoof2019_la
fgsm,40.0,-40.0,40.00130585884048,0.185,0.8301484375,0.95375,2.2086875364222687,0.13875,0.1193534459933741,0.154362289300267,3.0,0.1659380439291084,0.2225,117,313,0.2332896461336828,rawnet2,asvspoof2019_la
fgsm,30.0,-30.0,30.00132168185696,0.3456249999999999,0.6226375,1.0,4.182734531796477,0.2993749999999999,0.2749453574012326,0.3206445915049068,6.472972972972971,0.3323908045138209,0.394375,145,560,0.4134993446920052,rawnet2,asvspoof2019_la
fgsm,20.0,-20.0,20.001340947086177,0.460625,0.4842515625,1.0,5.103320034721884,0.414375,0.3887395877319987,0.4374991331922508,8.95945945945946,0.4075186562640552,0.433125,209,558,0.4541284403669725,rawnet2,asvspoof2019_la
fgsm,10.0,-10.0,10.001420371336428,0.6375,0.3428,1.0,6.63892645901771,0.5912499999999999,0.5612562162696488,0.614987023755118,12.78378378378378,0.4768721110556296,0.516875,711,166,0.5340760157273918,rawnet2,asvspoof2019_la
pgd,40.0,-40.0,41.99574518834599,0.5625,0.37955625,1.0,6.150077767682021,0.51625,0.4837405105746709,0.5406431271654263,11.16216216216216,0.4756674519368309,0.4825,158,688,0.5058977719528178,rawnet2,asvspoof2019_la
pgd,30.0,-30.0,32.69044581893624,0.995625,0.0007343749999999,1.0,14.06930381905897,0.949375,0.9318655660323922,0.958133202519452,20.527027027027025,0.901669542311066,0.81375,577,799,0.8532110091743119,rawnet2,asvspoof2019_la
pgd,20.0,-20.0,23.158159660205467,0.999375,4.6874999999999e-06,1.0,17.49509146622988,0.953125,0.9387330299690162,0.9618841986734956,20.608108108108105,0.9516446346940884,0.951875,798,799,0.9980340760157274,rawnet2,asvspoof2019_la
pgd,10.0,-10.0,13.420478982399104,1.0,0.0,1.0,18.279061860351213,0.95375,0.9400043558383288,0.9625249370052588,20.621621621621617,0.9526367422233162,0.95375,800,800,1.0,rawnet2,asvspoof2019_la
fgsm,40.0,-40.0,40.01351250329053,0.104375,0.9574328125,0.23375,0.7751239695093247,0.1025,0.0818922759603399,0.1168667794246477,54.66666666666747,0.105149899947906,0.084375,123,15,0.084533500313087,xlsr_mamba,asvspoof2019_la
fgsm,30.0,-30.0,30.01352856434538,0.11875,0.9461390625,0.2599999999999999,0.6937912627746822,0.116875,0.0993514560648773,0.13687522402726,62.33333333333423,0.123444773661382,0.0925,117,34,0.0926737633061991,xlsr_mamba,asvspoof2019_la
fgsm,20.0,-20.0,20.013548114055087,0.109375,0.950928125,0.2549999999999999,0.4844387892554503,0.1075,0.0893519109251611,0.1237467332686909,57.33333333333416,0.1445263056917051,0.118125,77,113,0.1177207263619286,xlsr_mamba,asvspoof2019_la
fgsm,10.0,-10.0,10.013632032577464,0.0956249999999999,0.95429375,0.415,0.3914673632128393,0.09375,0.0768873615616916,0.1075042963070039,50.00000000000072,0.1654802452246884,0.239375,31,353,0.2391984971822166,xlsr_mamba,asvspoof2019_la
pgd,40.0,-40.0,42.79642937127458,0.9175,0.037521875,1.0,7.860309703008999,0.915625,0.9024739446801991,0.9381014078937446,488.33333333334025,0.8218410350258941,0.725,396,767,0.7263619286161553,xlsr_mamba,asvspoof2019_la
pgd,30.0,-30.0,33.38529709552811,1.0,0.0,1.0,9.410009393273915,0.998125,0.9949886626249348,1.0,532.3333333333409,0.9341599932869254,0.83125,533,800,0.8328115216030056,xlsr_mamba,asvspoof2019_la
pgd,20.0,-20.0,23.69338030337517,1.0,0.0,1.0,9.879876590262096,0.998125,0.9949886626249348,1.0,532.3333333333409,0.9729057434506144,0.938125,704,800,0.9398872886662492,xlsr_mamba,asvspoof2019_la
pgd,10.0,-10.0,13.828271643389613,1.0,0.0,1.0,10.239060425057463,0.998125,0.9949886626249348,1.0,532.3333333333409,0.9865212917143236,0.988125,784,800,0.9899812147777082,xlsr_mamba,asvspoof2019_la
fgsm,40.0,-40.0,40.00002251971021,0.546875,0.44590078125,0.9925,2.795710376888995,0.38125,0.3518648148859395,0.4068714895349872,2.3018867924528297,0.0987403009232347,0.468125,332,636,0.5438202247191011,nes2net,asvspoof2019_la
fgsm,30.0,-30.0,30.000037408764776,0.5700000000000001,0.4073796875,1.0,2.71254585172958,0.404375,0.3768752598430369,0.4293722638492239,2.4415094339622643,0.1028527458156014,0.498125,288,728,0.5797752808988764,nes2net,asvspoof2019_la
fgsm,20.0,-20.0,20.000047343340174,0.52875,0.4538156249999999,0.99875,2.3710202415833352,0.363125,0.336225302566502,0.3912473913152504,2.192452830188679,0.113613639592606,0.489375,181,771,0.550561797752809,nes2net,asvspoof2019_la
fgsm,10.0,-10.0,10.000084705404944,0.485,0.5324328125,0.985,1.7427941874313646,0.3193749999999999,0.2943525703723702,0.3462469808396659,1.9283018867924524,0.1698090897709372,0.485,37,798,0.5041198501872659,nes2net,asvspoof2019_la
pgd,40.0,-40.0,42.98683233257554,1.0,0.0,1.0,7.649329806785514,0.834375,0.8150124375268731,0.8549936045554373,5.037735849056603,0.5758540340212953,0.83375,799,800,0.999250936329588,nes2net,asvspoof2019_la
pgd,30.0,-30.0,33.34387512662193,1.0,0.0,1.0,8.350478602135428,0.834375,0.8150124375268731,0.8549936045554373,5.037735849056603,0.5845939175880049,0.83375,799,800,0.999250936329588,nes2net,asvspoof2019_la
pgd,20.0,-20.0,23.60514148240446,1.0,0.0,1.0,8.722092904190442,0.834375,0.8150124375268731,0.8549936045554373,5.037735849056603,0.5841271181114773,0.834375,800,800,1.0,nes2net,asvspoof2019_la
pgd,10.0,-10.0,13.767688667808644,1.0,0.0,1.0,8.518072750867361,0.834375,0.8150124375268731,0.8549936045554373,5.037735849056603,0.5808120923201763,0.834375,800,800,1.0,nes2net,asvspoof2019_la
