model,dataset,eer,auc,cllr,min_dcf,n
reference_lfcc_logreg,asvspoof2019_la,0.26312500000000005,0.8203515625,1.2745061859233429,0.73875,1600
reference_lfcc_logreg,in_the_wild,0.656875,0.31788906250000004,5.886408008108306,1.0,1600
aasist,asvspoof2019_la,0.006249999999999989,0.999746875,0.10348743772282668,0.036250000000000004,1600
aasist,in_the_wild,0.4525,0.5616140625,2.478701229365443,0.99875,1600
aasist3_kan,asvspoof2019_la,0.16125,0.9087781249999998,3.67394096239473,0.6800000000000002,1600
aasist3_kan,in_the_wild,0.31875,0.72623125,8.382163257098387,0.98625,1600
spectra_aasist3,asvspoof2019_la,0.006874999999999989,0.9948703125,0.08221643033858309,0.14874999999999994,1600
spectra_aasist3,in_the_wild,0.015625000000000007,0.992396875,0.1338834068146329,0.16625,1600
aasist,asvspoof2021_la,0.14937500000000004,0.9127296874999999,1.5858454181122503,1.0,1600
aasist3_kan,asvspoof2021_la,0.35562499999999997,0.7068328125000001,8.310285430130216,0.99,1600
spectra_aasist3,asvspoof2021_la,0.03687499999999999,0.9921843750000001,0.28735320564289374,0.20625000000000004,1600
rawnet2,asvspoof2019_la,0.046250000000000006,0.9908921875,0.418382074719169,0.18750000000000003,1600
ssl_aasist,asvspoof2019_la,0.0012499999999999868,0.99993125,0.017010452145840585,0.0037500000000000315,1600
xlsr_mamba,asvspoof2019_la,0.0018749999999999735,0.9999875,0.023795156942332467,0.0037500000000000315,1600
ssl_aasist,in_the_wild,0.11624999999999999,0.9535625,1.8892317795829576,0.5675,1600
ssl_aasist,asvspoof2021_la,0.074375,0.9800421875,0.8371553966088396,0.6174999999999999,1600
rawnet2,in_the_wild,0.528125,0.4680640625,4.396769942399993,1.0,1600
rawnet2,asvspoof2021_la,0.14500000000000002,0.9132265625,1.758139001310453,0.9974999999999998,1600
nes2net,asvspoof2021_la,0.16749999999999998,0.9038875,1.8270743719799953,0.7299999999999999,1600
nes2net,asvspoof2019_la,0.16562500000000002,0.9051515625,1.8510420232655918,0.42249999999999993,1600
xlsr_mamba,in_the_wild,0.068125,0.976971875,1.6708370308954756,0.45999999999999996,1600
xlsr_mamba,asvspoof2021_la,0.05500000000000001,0.9897484375,0.3548166957746994,0.39249999999999996,1600
reference_lfcc_logreg,asvspoof2021_la,0.355,0.69239375,2.628085109928815,0.98125,1600
nes2net,in_the_wild,0.20125000000000004,0.8813937500000001,1.9470082994469975,0.85375,1600
