transfer_model,distortion_type,level,eer,delta_eer,dataset,attacked_model
aasist3_kan,fgsm,10.0,0.32625,0.165,asvspoof2019_la,aasist
aasist3_kan,fgsm,20.0,0.44375,0.2825,asvspoof2019_la,aasist
aasist3_kan,fgsm,30.0,0.338125,0.176875,asvspoof2019_la,aasist
aasist3_kan,fgsm,40.0,0.1975,0.03625,asvspoof2019_la,aasist
aasist3_kan,pgd,10.0,0.2125,0.0512499999999999,asvspoof2019_la,aasist
aasist3_kan,pgd,20.0,0.316875,0.155625,asvspoof2019_la,aasist
aasist3_kan,pgd,30.0,0.2987499999999999,0.1374999999999999,asvspoof2019_la,aasist
aasist3_kan,pgd,40.0,0.26875,0.1075,asvspoof2019_la,aasist
aasist,fgsm,10.0,0.291875,0.285625,asvspoof2019_la,aasist3_kan
aasist,fgsm,20.0,0.0837499999999999,0.0775,asvspoof2019_la,aasist3_kan
aasist,fgsm,30.0,0.0112499999999999,0.005,asvspoof2019_la,aasist3_kan
aasist,fgsm,40.0,0.0062499999999999,0.0,asvspoof2019_la,aasist3_kan
aasist,pgd,10.0,0.1212499999999999,0.1149999999999999,asvspoof2019_la,aasist3_kan
aasist,pgd,20.0,0.0262499999999999,0.0199999999999999,asvspoof2019_la,aasist3_kan
aasist,pgd,30.0,0.00875,0.0025,asvspoof2019_la,aasist3_kan
aasist,pgd,40.0,0.0068749999999999,0.0006249999999999,asvspoof2019_la,aasist3_kan
aasist,fgsm,10.0,0.166875,0.160625,asvspoof2019_la,spectra_aasist3
aasist,fgsm,20.0,0.0875,0.08125,asvspoof2019_la,spectra_aasist3
aasist,fgsm,30.0,0.045625,0.039375,asvspoof2019_la,spectra_aasist3
aasist,fgsm,40.0,0.04625,0.04,asvspoof2019_la,spectra_aasist3
aasist,pgd,10.0,0.145,0.13875,asvspoof2019_la,spectra_aasist3
aasist,pgd,20.0,0.055,0.04875,asvspoof2019_la,spectra_aasist3
aasist,pgd,30.0,0.050625,0.044375,asvspoof2019_la,spectra_aasist3
aasist,pgd,40.0,0.0481249999999999,0.041875,asvspoof2019_la,spectra_aasist3
aasist,fgsm,10.0,0.30625,0.3,asvspoof2019_la,ssl_aasist
aasist,fgsm,20.0,0.11875,0.1125,asvspoof2019_la,ssl_aasist
aasist,fgsm,30.0,0.0162499999999999,0.01,asvspoof2019_la,ssl_aasist
aasist,fgsm,40.0,0.0068749999999999,0.0006249999999999,asvspoof2019_la,ssl_aasist
aasist,pgd,10.0,0.254375,0.248125,asvspoof2019_la,ssl_aasist
aasist,pgd,20.0,0.0743749999999999,0.0681249999999999,asvspoof2019_la,ssl_aasist
aasist,pgd,30.0,0.0162499999999999,0.0099999999999999,asvspoof2019_la,ssl_aasist
aasist,pgd,40.0,0.009375,0.003125,asvspoof2019_la,ssl_aasist
aasist,fgsm,10.0,0.1687499999999999,0.1625,asvspoof2019_la,rawnet2
aasist,fgsm,20.0,0.065625,0.059375,asvspoof2019_la,rawnet2
aasist,fgsm,30.0,0.0168749999999999,0.0106249999999999,asvspoof2019_la,rawnet2
aasist,fgsm,40.0,0.0081249999999999,0.0018749999999999,asvspoof2019_la,rawnet2
aasist,pgd,10.0,0.2199999999999999,0.21375,asvspoof2019_la,rawnet2
aasist,pgd,20.0,0.0743749999999999,0.0681249999999999,asvspoof2019_la,rawnet2
aasist,pgd,30.0,0.015,0.00875,asvspoof2019_la,rawnet2
aasist,pgd,40.0,0.0106249999999999,0.004375,asvspoof2019_la,rawnet2
ssl_aasist,fgsm,10.0,0.06625,0.065,asvspoof2019_la,xlsr_mamba
ssl_aasist,fgsm,20.0,0.05125,0.05,asvspoof2019_la,xlsr_mamba
ssl_aasist,fgsm,30.0,0.035,0.03375,asvspoof2019_la,xlsr_mamba
ssl_aasist,fgsm,40.0,0.01,0.00875,asvspoof2019_la,xlsr_mamba
ssl_aasist,pgd,10.0,0.94375,0.9425,asvspoof2019_la,xlsr_mamba
ssl_aasist,pgd,20.0,0.799375,0.798125,asvspoof2019_la,xlsr_mamba
ssl_aasist,pgd,30.0,0.443125,0.441875,asvspoof2019_la,xlsr_mamba
ssl_aasist,pgd,40.0,0.1012499999999999,0.0999999999999999,asvspoof2019_la,xlsr_mamba
aasist,fgsm,10.0,0.1674999999999999,0.16125,asvspoof2019_la,xlsr_mamba
aasist,fgsm,20.0,0.074375,0.068125,asvspoof2019_la,xlsr_mamba
aasist,fgsm,30.0,0.01375,0.0075,asvspoof2019_la,xlsr_mamba
aasist,fgsm,40.0,0.0068749999999999,0.0006249999999999,asvspoof2019_la,xlsr_mamba
aasist,pgd,10.0,0.166875,0.160625,asvspoof2019_la,xlsr_mamba
aasist,pgd,20.0,0.04625,0.04,asvspoof2019_la,xlsr_mamba
aasist,pgd,30.0,0.01375,0.0075,asvspoof2019_la,xlsr_mamba
aasist,pgd,40.0,0.009375,0.003125,asvspoof2019_la,xlsr_mamba
aasist,fgsm,10.0,0.18625,0.18,asvspoof2019_la,nes2net
aasist,fgsm,20.0,0.1575,0.15125,asvspoof2019_la,nes2net
aasist,fgsm,30.0,0.0825,0.07625,asvspoof2019_la,nes2net
aasist,fgsm,40.0,0.0581249999999999,0.051875,asvspoof2019_la,nes2net
aasist,pgd,10.0,0.145,0.13875,asvspoof2019_la,nes2net
aasist,pgd,20.0,0.12,0.11375,asvspoof2019_la,nes2net
aasist,pgd,30.0,0.0568749999999999,0.050625,asvspoof2019_la,nes2net
aasist,pgd,40.0,0.0593749999999999,0.0531249999999999,asvspoof2019_la,nes2net
