dataset,model_name,distortion_type,level,severity,eer,delta_eer,delta_eer_ci_low,delta_eer_ci_high
asvspoof2019_la,aasist,reverb,0.9,0.9,0.800625,0.794375,0.7687516735947247,0.8200025330850129
asvspoof2019_la,aasist,noise,0.0,-0.0,0.67125,0.665,0.6424416682437597,0.6887959459591613
asvspoof2019_la,aasist,neural_encodec,1.5,-1.5,0.3349999999999999,0.32875,0.3049788026409908,0.3525270546801691
asvspoof2019_la,aasist,gain,-20.0,20.0,0.176875,0.170625,0.1469007349294964,0.1862480953493899
asvspoof2019_la,aasist,chirp,5.0,-5.0,0.129375,0.123125,0.1043738973736308,0.138738861388921
asvspoof2019_la,aasist,transmission,0.2,0.2,0.0687499999999999,0.0625,0.0518653596297373,0.0781163553779302
asvspoof2019_la,aasist,codec,8.0,-8.0,0.060625,0.054375,0.0425010509050155,0.0650675523702574
asvspoof2019_la,aasist,bandpass,2000.0,-2000.0,0.059375,0.053125,0.0399849679271758,0.0693443548654389
asvspoof2019_la,aasist,telephony_g722,64.0,-64.0,0.00625,1.3010426069826053e-17,-0.0025014147652416,0.0050001267610501
asvspoof2019_la,aasist,telephony_g711a,64.0,-64.0,0.0062499999999999,0.0,-0.0018653540289888,0.0025031501429085
asvspoof2019_la,aasist,telephony_g711u,64.0,-64.0,0.0062499999999999,0.0,-0.0025015703445821,0.0025032187701172
asvspoof2019_la,aasist,transcode_identity,320.0,-320.0,0.0062499999999999,0.0,-0.0018758438752474,0.0031205062185774
asvspoof2019_la,aasist3_kan,reverb,0.9,0.9,0.4456249999999999,0.2843749999999999,0.2568512722580239,0.3093653422181915
asvspoof2019_la,aasist3_kan,noise,0.0,-0.0,0.4225,0.26125,0.23311498673965,0.2900245529322915
asvspoof2019_la,aasist3_kan,codec,8.0,-8.0,0.394375,0.233125,0.2087503408913937,0.2649944100208221
asvspoof2019_la,aasist3_kan,neural_encodec,1.5,-1.5,0.389375,0.228125,0.1975038538060464,0.2506493398211405
asvspoof2019_la,aasist3_kan,bandpass,2000.0,-2000.0,0.38,0.21875,0.1874999682616691,0.2432274906771316
asvspoof2019_la,aasist3_kan,gain,20.0,20.0,0.290625,0.129375,0.1062708746655906,0.1562802857799473
asvspoof2019_la,aasist3_kan,chirp,5.0,-5.0,0.266875,0.1056249999999999,0.0843739808097976,0.1274979081329611
asvspoof2019_la,aasist3_kan,telephony_g722,64.0,-64.0,0.260625,0.0993749999999999,0.0781249883967753,0.1181281122485778
asvspoof2019_la,aasist3_kan,transcode_identity,320.0,-320.0,0.2456249999999999,0.0843749999999999,0.0655983174862752,0.1100242975822671
asvspoof2019_la,aasist3_kan,transmission,0.2,0.2,0.1912499999999999,0.0299999999999999,0.0124710837569492,0.0437569549752832
asvspoof2019_la,aasist3_kan,telephony_g711u,64.0,-64.0,0.181875,0.020625,0.00380752204612,0.0281243066539005
asvspoof2019_la,aasist3_kan,telephony_g711a,64.0,-64.0,0.1725,0.0112499999999999,-0.0018758039321047,0.0250040592889758
asvspoof2019_la,nes2net,reverb,0.9,0.9,0.441875,0.27625,0.2493378525993493,0.3050527398683786
asvspoof2019_la,nes2net,noise,10.0,-10.0,0.296875,0.1312499999999999,0.1087577927845941,0.1600358100384208
asvspoof2019_la,nes2net,neural_encodec,1.5,-1.5,0.255625,0.0899999999999999,0.0650120069535655,0.1199914710670346
asvspoof2019_la,nes2net,codec,8.0,-8.0,0.223125,0.0574999999999999,0.0368661928699977,0.078738918143043
asvspoof2019_la,nes2net,bandpass,3400.0,-3400.0,0.18125,0.015625,0.0018838871395227,0.0281215850350125
asvspoof2019_la,nes2net,transcode_identity,320.0,-320.0,0.176875,0.0112499999999999,0.004392219798841,0.0206251674923011
asvspoof2019_la,nes2net,chirp,5.0,-5.0,0.175625,0.01,-0.0075062325228123,0.0263057574289616
asvspoof2019_la,nes2net,transmission,0.01,0.01,0.16625,0.0006249999999999,-0.0050050015320275,0.011251582340602
asvspoof2019_la,nes2net,gain,-3.0,3.0,0.165625,0.0,0.0,0.0
asvspoof2019_la,nes2net,telephony_g722,64.0,-64.0,0.155,-0.0106249999999999,-0.0207551304698053,0.0012504427351858
asvspoof2019_la,nes2net,telephony_g711a,64.0,-64.0,0.14125,-0.0243749999999999,-0.0324913942221224,-0.0087559621106288
asvspoof2019_la,rawnet2,noise,0.0,-0.0,0.493125,0.446875,0.4181268777963151,0.4718988654363029
asvspoof2019_la,rawnet2,reverb,0.9,0.9,0.3562499999999999,0.3099999999999999,0.281869042300369,0.3300002005037216
asvspoof2019_la,rawnet2,gain,-20.0,20.0,0.33625,0.29,0.2631072992984539,0.3168724253082471
asvspoof2019_la,rawnet2,chirp,5.0,-5.0,0.280625,0.234375,0.2087225194506509,0.2574959056820023
asvspoof2019_la,rawnet2,neural_encodec,1.5,-1.5,0.1075,0.06125,0.0431399560476296,0.0743740142379946
asvspoof2019_la,rawnet2,transmission,0.2,0.2,0.098125,0.051875,0.0381012739106958,0.0656239468336598
asvspoof2019_la,rawnet2,codec,8.0,-8.0,0.0625,0.0162499999999999,0.0018724466524368,0.0262541260661759
asvspoof2019_la,rawnet2,bandpass,8000.0,-8000.0,0.054375,0.008125,-0.0018622474305838,0.0174787745286027
asvspoof2019_la,rawnet2,telephony_g722,64.0,-64.0,0.05,0.00375,-0.0056169335765847,0.0075068009962311
asvspoof2019_la,rawnet2,telephony_g711a,64.0,-64.0,0.0481249999999999,0.0018749999999999,-0.0031219906481457,0.0062885372681452
asvspoof2019_la,rawnet2,transcode_identity,320.0,-320.0,0.0431249999999999,-0.003125,-0.0093400045688702,0.0006291311140487
asvspoof2019_la,reference_lfcc_logreg,codec,8.0,-8.0,0.550625,0.2875,0.2543966576207885,0.3143851666470799
asvspoof2019_la,reference_lfcc_logreg,gain,20.0,20.0,0.384375,0.1212499999999999,0.0950083428835203,0.1431448838888411
asvspoof2019_la,reference_lfcc_logreg,reverb,0.9,0.9,0.35375,0.0906249999999999,0.0674819119559436,0.1156816095042987
asvspoof2019_la,reference_lfcc_logreg,noise,0.0,-0.0,0.3325,0.0693749999999999,0.0368910426517175,0.1018715443938324
asvspoof2019_la,reference_lfcc_logreg,transcode_identity,320.0,-320.0,0.3268749999999999,0.0637499999999999,0.0342737296935332,0.0907885613923905
asvspoof2019_la,reference_lfcc_logreg,bandpass,2000.0,-2000.0,0.285625,0.0224999999999999,-0.0012501360048918,0.05562535261992
asvspoof2019_la,reference_lfcc_logreg,transmission,0.2,0.2,0.27,0.0068749999999999,-0.0056106220727534,0.0181310170980463
asvspoof2019_la,reference_lfcc_logreg,chirp,15.0,-15.0,0.22875,-0.034375,-0.0556523199892063,-0.014368853513556
asvspoof2019_la,spectra_aasist3,neural_encodec,12.0,-12.0,0.55625,0.5493750000000001,0.521843262164203,0.573097444537716
asvspoof2019_la,spectra_aasist3,reverb,0.9,0.9,0.425625,0.41875,0.394378807887179,0.4443394261719303
asvspoof2019_la,spectra_aasist3,codec,24.0,-24.0,0.1425,0.135625,0.1136845558179966,0.16060132874963
asvspoof2019_la,spectra_aasist3,noise,0.0,-0.0,0.089375,0.0825,0.0680808218633456,0.0968681959971604
asvspoof2019_la,spectra_aasist3,bandpass,3400.0,-3400.0,0.0518749999999999,0.045,0.03249994374859,0.0568344675549809
asvspoof2019_la,spectra_aasist3,gain,-10.0,10.0,0.0337499999999999,0.0268749999999999,0.015621136118705,0.0343666282065222
asvspoof2019_la,spectra_aasist3,telephony_g711u,64.0,-64.0,0.030625,0.02375,0.014960504555959,0.0343734000306319
asvspoof2019_la,spectra_aasist3,telephony_g711a,64.0,-64.0,0.024375,0.0175,0.0068980989592111,0.024989201452242
asvspoof2019_la,spectra_aasist3,telephony_g722,64.0,-64.0,0.0168749999999999,0.0099999999999999,0.001892665443187,0.0174843497996468
asvspoof2019_la,spectra_aasist3,transmission,0.2,0.2,0.015,0.008125,-0.000621968283582,0.0137537780515038
asvspoof2019_la,spectra_aasist3,chirp,5.0,-5.0,0.0124999999999999,0.0056249999999999,-0.0043632644337572,0.0100026413224742
asvspoof2019_la,spectra_aasist3,transcode_identity,320.0,-320.0,0.0106249999999999,0.00375,-0.0063054425944134,0.0075024539569381
asvspoof2019_la,ssl_aasist,neural_encodec,1.5,-1.5,0.278125,0.2768750000000001,0.252509723763185,0.2981317746810062
asvspoof2019_la,ssl_aasist,reverb,0.9,0.9,0.176875,0.175625,0.1593755169280352,0.196904463927314
asvspoof2019_la,ssl_aasist,noise,0.0,-0.0,0.07,0.06875,0.0556234646587235,0.0862465654176325
asvspoof2019_la,ssl_aasist,gain,20.0,20.0,0.0168749999999999,0.015625,0.0093781426467292,0.0225172926978719
asvspoof2019_la,ssl_aasist,codec,8.0,-8.0,0.0156249999999999,0.014375,0.0068651452229303,0.0205953447388806
asvspoof2019_la,ssl_aasist,chirp,5.0,-5.0,0.0074999999999999,0.0062499999999999,0.0012269562733068,0.0100090679949748
asvspoof2019_la,ssl_aasist,transmission,0.2,0.2,0.0056249999999999,0.004375,0.0006188118811881,0.0087846564878508
asvspoof2019_la,ssl_aasist,bandpass,8000.0,-8000.0,0.0012499999999999,0.0,-0.0019481152787394,0.000645223967909
asvspoof2019_la,ssl_aasist,telephony_g711a,64.0,-64.0,0.0012499999999999,0.0,-0.0006435006435006,0.000634558130223
asvspoof2019_la,ssl_aasist,telephony_g722,64.0,-64.0,0.0012499999999999,0.0,-0.0006435006435006,0.0006361525745125
asvspoof2019_la,ssl_aasist,transcode_identity,320.0,-320.0,0.0012499999999999,0.0,-0.0006505404476588,0.0006868410218142
asvspoof2019_la,xlsr_mamba,reverb,0.9,0.9,0.519375,0.5175000000000001,0.4918733254071317,0.5456118434532121
asvspoof2019_la,xlsr_mamba,codec,8.0,-8.0,0.0949999999999999,0.093125,0.0774795355650717,0.106246382424191
asvspoof2019_la,xlsr_mamba,transmission,0.2,0.2,0.0687499999999999,0.066875,0.0550064872923707,0.0812500126953918
asvspoof2019_la,xlsr_mamba,noise,0.0,-0.0,0.061875,0.06,0.0500151296041398,0.0749797505761064
asvspoof2019_la,xlsr_mamba,gain,20.0,20.0,0.0331249999999999,0.03125,0.0218799237371035,0.0406228989958111
asvspoof2019_la,xlsr_mamba,chirp,5.0,-5.0,0.00875,0.006875,0.0006319726306917,0.0106334618176832
asvspoof2019_la,xlsr_mamba,bandpass,8000.0,-8000.0,0.0024999999999999,0.000625,-0.0031019916454264,0.0006394066561657
asvspoof2019_la,xlsr_mamba,transcode_identity,320.0,-320.0,0.0006249999999999,-0.0012499999999999,-0.0037891618269464,0.0006281407035175
asvspoof2021_la,aasist,reverb,0.9,0.9,0.79875,0.6493749999999999,0.6149479267979656,0.6788021172880327
asvspoof2021_la,aasist,noise,0.0,-0.0,0.65625,0.506875,0.476890614892297,0.5368824809162298
asvspoof2021_la,aasist,gain,-20.0,20.0,0.25875,0.109375,0.0812657764684676,0.1337553449335883
asvspoof2021_la,aasist,chirp,5.0,-5.0,0.213125,0.0637499999999999,0.0418102922022826,0.077503863036052
asvspoof2021_la,aasist,bandpass,2000.0,-2000.0,0.19625,0.0468749999999999,0.0294081169332219,0.0656648458844868
asvspoof2021_la,aasist,transmission,0.2,0.2,0.1925,0.0431249999999999,0.020646988467255,0.0593608478025527
asvspoof2021_la,aasist,codec,8.0,-8.0,0.1899999999999999,0.0406249999999999,0.0162384774446154,0.0594032381590446
asvspoof2021_la,aasist,transcode_identity,320.0,-320.0,0.1275,-0.021875,-0.0368749999999999,-0.0150121195716462
asvspoof2021_la,aasist3_kan,reverb,0.5,0.5,0.46125,0.105625,0.0743537649991198,0.1312727427838383
asvspoof2021_la,aasist3_kan,noise,0.0,-0.0,0.4525,0.096875,0.063732164174821,0.1331190311633107
asvspoof2021_la,aasist3_kan,bandpass,2000.0,-2000.0,0.43625,0.080625,0.0531397288999524,0.1106317581487728
asvspoof2021_la,aasist3_kan,codec,8.0,-8.0,0.415,0.059375,0.029934785986784,0.0869058414474173
asvspoof2021_la,aasist3_kan,gain,20.0,20.0,0.380625,0.025,-0.0056184801659571,0.0537507558700044
asvspoof2021_la,aasist3_kan,chirp,5.0,-5.0,0.38,0.024375,-0.0062110166020568,0.0475223166612686
asvspoof2021_la,aasist3_kan,transcode_identity,320.0,-320.0,0.37,0.014375,-0.0137676132824946,0.0356404290153449
asvspoof2021_la,aasist3_kan,transmission,0.1,0.1,0.364375,0.00875,-0.0100351797066478,0.0218947181354483
asvspoof2021_la,nes2net,reverb,0.9,0.9,0.43125,0.26375,0.2350099012732588,0.2912487392987079
asvspoof2021_la,nes2net,noise,15.0,-15.0,0.279375,0.111875,0.0887717350069801,0.1374895338321383
asvspoof2021_la,nes2net,codec,8.0,-8.0,0.239375,0.071875,0.0519056845337702,0.0937747547708166
asvspoof2021_la,nes2net,chirp,5.0,-5.0,0.1987499999999999,0.03125,0.0137109414088697,0.0500050629922363
asvspoof2021_la,nes2net,transcode_identity,320.0,-320.0,0.17125,0.00375,-0.0024500027377519,0.0136511707754156
asvspoof2021_la,nes2net,transmission,0.2,0.2,0.17,0.0025,-0.0187373278626397,0.0218974733879288
asvspoof2021_la,nes2net,gain,-20.0,20.0,0.1681249999999999,0.0006249999999999,-0.0056408284365908,0.0031131400447388
asvspoof2021_la,nes2net,bandpass,2000.0,-2000.0,0.1674999999999999,0.0,-0.0118673385662914,0.0162668233832154
asvspoof2021_la,rawnet2,noise,0.0,-0.0,0.4868749999999999,0.3418749999999999,0.311847467814728,0.374364871389553
asvspoof2021_la,rawnet2,gain,-20.0,20.0,0.4,0.255,0.2262267515253756,0.285023346674844
asvspoof2021_la,rawnet2,reverb,0.9,0.9,0.38875,0.24375,0.2162136973639079,0.2706251695185604
asvspoof2021_la,rawnet2,chirp,5.0,-5.0,0.35375,0.20875,0.1806074301128594,0.2337783164346577
asvspoof2021_la,rawnet2,transmission,0.2,0.2,0.155625,0.0106249999999999,-0.0006494141451768,0.0281589270186918
asvspoof2021_la,rawnet2,bandpass,8000.0,-8000.0,0.155,0.0099999999999999,-0.0018669652045542,0.0187354410041211
asvspoof2021_la,rawnet2,codec,64.0,-64.0,0.129375,-0.015625,-0.0269994052852862,-0.008735477312318
asvspoof2021_la,rawnet2,transcode_identity,320.0,-320.0,0.12875,-0.0162499999999999,-0.0269222732854906,-0.0087530581013081
asvspoof2021_la,reference_lfcc_logreg,codec,8.0,-8.0,0.509375,0.154375,0.1237699511263468,0.1850167852302284
asvspoof2021_la,reference_lfcc_logreg,transcode_identity,320.0,-320.0,0.459375,0.104375,0.0681539799840033,0.136250085158379
asvspoof2021_la,reference_lfcc_logreg,bandpass,6000.0,-6000.0,0.44125,0.08625,0.0537190364303248,0.1186919852573297
asvspoof2021_la,reference_lfcc_logreg,reverb,0.7,0.7,0.41375,0.05875,0.0350362481045121,0.0799953574544769
asvspoof2021_la,reference_lfcc_logreg,gain,20.0,20.0,0.403125,0.048125,0.0262602580032988,0.0718634542167928
asvspoof2021_la,reference_lfcc_logreg,noise,0.0,-0.0,0.37,0.015,-0.0137696376328666,0.0481123299667096
asvspoof2021_la,reference_lfcc_logreg,transmission,0.0,0.0,0.355,0.0,0.0,0.0
asvspoof2021_la,reference_lfcc_logreg,chirp,5.0,-5.0,0.32625,-0.0287499999999999,-0.0487962615602401,-0.0031195158929642
asvspoof2021_la,spectra_aasist3,reverb,0.9,0.9,0.3818749999999999,0.345,0.3193787979435124,0.3700263430277166
asvspoof2021_la,spectra_aasist3,noise,0.0,-0.0,0.14125,0.104375,0.0818937401910722,0.1193891168200893
asvspoof2021_la,spectra_aasist3,gain,20.0,20.0,0.129375,0.0925,0.0749826383990739,0.1081308601236933
asvspoof2021_la,spectra_aasist3,codec,8.0,-8.0,0.116875,0.08,0.0643342200137832,0.0968719818525902
asvspoof2021_la,spectra_aasist3,bandpass,3400.0,-3400.0,0.0806249999999999,0.0437499999999999,0.0293856871245105,0.0550054620026894
asvspoof2021_la,spectra_aasist3,transmission,0.2,0.2,0.0725,0.035625,0.0231208001250195,0.0487423990518477
asvspoof2021_la,spectra_aasist3,chirp,5.0,-5.0,0.0531249999999999,0.01625,0.0049821715898104,0.0275112496070801
asvspoof2021_la,spectra_aasist3,transcode_identity,320.0,-320.0,0.035625,-0.0012499999999999,-0.0093650495349094,0.0025005677074148
asvspoof2021_la,ssl_aasist,reverb,0.9,0.9,0.351875,0.2775000000000001,0.2481120884521728,0.2994280222394732
asvspoof2021_la,ssl_aasist,noise,0.0,-0.0,0.11375,0.039375,0.0268449684103186,0.0524937494377876
asvspoof2021_la,ssl_aasist,transmission,0.2,0.2,0.1131249999999999,0.0387499999999999,0.02564487477997,0.0531361194404497
asvspoof2021_la,ssl_aasist,gain,20.0,20.0,0.105625,0.03125,0.0131582564593918,0.0381232195064373
asvspoof2021_la,ssl_aasist,codec,8.0,-8.0,0.096875,0.0225,0.0080520822409418,0.0356250446291852
asvspoof2021_la,ssl_aasist,chirp,5.0,-5.0,0.088125,0.0137499999999999,0.0024778704538117,0.0218707656664438
asvspoof2021_la,ssl_aasist,bandpass,8000.0,-8000.0,0.08125,0.006875,-0.005000389093081,0.0093677512301736
asvspoof2021_la,ssl_aasist,transcode_identity,320.0,-320.0,0.0725,-0.0018749999999999,-0.0099862884823409,0.0031177093184002
asvspoof2021_la,xlsr_mamba,reverb,0.9,0.9,0.649375,0.594375,0.5712172410989448,0.6262450653276102
asvspoof2021_la,xlsr_mamba,transmission,0.2,0.2,0.24375,0.18875,0.1667858914356723,0.2162743300401894
asvspoof2021_la,xlsr_mamba,codec,8.0,-8.0,0.149375,0.094375,0.0756289269040458,0.1137552904143351
asvspoof2021_la,xlsr_mamba,noise,0.0,-0.0,0.1149999999999999,0.0599999999999999,0.0492730098166486,0.0781829065534646
asvspoof2021_la,xlsr_mamba,gain,20.0,20.0,0.105625,0.0506249999999999,0.0412502578141113,0.0680961182106301
asvspoof2021_la,xlsr_mamba,chirp,5.0,-5.0,0.070625,0.015625,0.009369137479084,0.0293459802465356
asvspoof2021_la,xlsr_mamba,bandpass,4000.0,-4000.0,0.055625,0.000625,-0.0069083039613704,0.0087500054688867
asvspoof2021_la,xlsr_mamba,transcode_identity,320.0,-320.0,0.0506249999999999,-0.004375,-0.0056099714230133,0.0050034560987616
in_the_wild,aasist,real_bird,5.0,-5.0,0.60625,0.1537499999999999,0.1231075560487249,0.1793761497509943
in_the_wild,aasist,noise,5.0,-5.0,0.5974999999999999,0.1449999999999999,0.1182047733164395,0.1712408908160297
in_the_wild,aasist,gain,-20.0,20.0,0.594375,0.1418749999999999,0.1131375562711907,0.1668981706685318
in_the_wild,aasist,chirp,5.0,-5.0,0.585625,0.1331249999999999,0.1056224143101774,0.1644194294484883
in_the_wild,aasist,reverb,0.7,0.7,0.583125,0.130625,0.0981323089580842,0.156240730268565
in_the_wild,aasist,real_noise,10.0,-10.0,0.576875,0.124375,0.0962190741803339,0.1487842066511639
in_the_wild,aasist,codec,8.0,-8.0,0.5525,0.0999999999999999,0.0737710478484925,0.1231482799086389
in_the_wild,aasist,transmission,0.2,0.2,0.5475,0.0949999999999999,0.0693603924055713,0.1212659950076407
in_the_wild,aasist,bandpass,2000.0,-2000.0,0.5275000000000001,0.075,0.0512501218471925,0.0968890896165571
in_the_wild,aasist,real_rir,3.0,3.0,0.46625,0.01375,-0.0224932403609186,0.0462428366827563
in_the_wild,aasist,transcode_identity,320.0,-320.0,0.451875,-0.0006249999999999,-0.0056478058839674,0.0087258145046494
in_the_wild,aasist3_kan,codec,8.0,-8.0,0.5343749999999999,0.2156249999999999,0.1818560531462362,0.2481170382329943
in_the_wild,aasist3_kan,noise,0.0,-0.0,0.4962499999999999,0.1775,0.1431287550590104,0.2112490993973161
in_the_wild,aasist3_kan,reverb,0.9,0.9,0.4762499999999999,0.1574999999999999,0.1281293167525254,0.181884158400098
in_the_wild,aasist3_kan,real_noise,0.0,-0.0,0.46125,0.1425,0.1118394190455511,0.1768663498799934
in_the_wild,aasist3_kan,real_bird,5.0,-5.0,0.448125,0.129375,0.0912473723598671,0.1606230212524522
in_the_wild,aasist3_kan,real_rir,2.0,2.0,0.4337499999999999,0.1149999999999999,0.0849523068997917,0.1437829043355083
in_the_wild,aasist3_kan,chirp,25.0,-25.0,0.3818749999999999,0.0631249999999999,0.0405512504541061,0.0856281860844768
in_the_wild,aasist3_kan,gain,20.0,20.0,0.3506249999999999,0.0318749999999999,0.0087657718626549,0.0543734429470715
in_the_wild,aasist3_kan,transmission,0.2,0.2,0.34125,0.0225,0.0018969951369101,0.0431068434977503
in_the_wild,aasist3_kan,bandpass,3400.0,-3400.0,0.313125,-0.0056249999999999,-0.0337408077070089,0.025632638275545
in_the_wild,aasist3_kan,transcode_identity,320.0,-320.0,0.3075,-0.0112499999999999,-0.0300105885260542,0.0043946301270816
in_the_wild,nes2net,reverb,0.9,0.9,0.464375,0.2631249999999999,0.231801116909106,0.2856399284997951
in_the_wild,nes2net,noise,0.0,-0.0,0.345,0.1437499999999999,0.1100101399342469,0.1700082811287663
in_the_wild,nes2net,codec,8.0,-8.0,0.26625,0.0649999999999999,0.045001099253492,0.0862461333445468
in_the_wild,nes2net,gain,20.0,20.0,0.264375,0.0631249999999999,0.0463173692612456,0.0818759044004557
in_the_wild,nes2net,bandpass,3400.0,-3400.0,0.2375,0.0362499999999999,0.0231249035837537,0.0519560287863224
in_the_wild,nes2net,transcode_identity,320.0,-320.0,0.219375,0.0181249999999999,0.0044005993175497,0.0243920959986241
in_the_wild,nes2net,chirp,25.0,-25.0,0.20625,0.0049999999999999,-0.0087501322777699,0.016254309297471
in_the_wild,nes2net,transmission,0.0,0.0,0.20125,0.0,0.0,0.0
in_the_wild,rawnet2,codec,8.0,-8.0,0.623125,0.095,0.073133756186432,0.1162361779257111
in_the_wild,rawnet2,reverb,0.9,0.9,0.58875,0.060625,0.0337231833621668,0.0868809649124351
in_the_wild,rawnet2,chirp,5.0,-5.0,0.5762499999999999,0.0481249999999999,0.0225027987897991,0.0675190713852654
in_the_wild,rawnet2,transmission,0.2,0.2,0.560625,0.0325,0.0074879923841724,0.0525020734221058
in_the_wild,rawnet2,bandpass,2000.0,-2000.0,0.551875,0.02375,0.0043798913858947,0.0418779950974845
in_the_wild,rawnet2,gain,-10.0,10.0,0.55,0.021875,-0.0044043266804993,0.0444347030149227
in_the_wild,rawnet2,transcode_identity,320.0,-320.0,0.540625,0.0125,0.0005995156756311,0.0168758519552627
in_the_wild,rawnet2,noise,30.0,-30.0,0.5349999999999999,0.0068749999999999,-0.0031343720448629,0.0162263007392304
in_the_wild,reference_lfcc_logreg,real_bird,5.0,-5.0,0.4175,0.3893749999999999,0.3624982375680114,0.415043564931548
in_the_wild,reference_lfcc_logreg,real_noise,0.0,-0.0,0.41125,0.383125,0.3581210735677495,0.4094033305737947
in_the_wild,reference_lfcc_logreg,codec,32.0,-32.0,0.85375,0.196875,0.1705700541178976,0.2263143834448179
in_the_wild,reference_lfcc_logreg,transcode_identity,320.0,-320.0,0.853125,0.19625,0.1681249870361125,0.2268750969084713
in_the_wild,reference_lfcc_logreg,real_rir,1.0,1.0,0.1587499999999999,0.130625,0.1150038195564699,0.1500115258533124
in_the_wild,reference_lfcc_logreg,bandpass,6000.0,-6000.0,0.78125,0.124375,0.098124364036981,0.1550028704986638
in_the_wild,reference_lfcc_logreg,chirp,25.0,-25.0,0.686875,0.03,0.01375033731308,0.0437939627447542
in_the_wild,reference_lfcc_logreg,gain,-20.0,20.0,0.67625,0.019375,0.0087605624230811,0.0349951124144672
in_the_wild,reference_lfcc_logreg,transmission,0.2,0.2,0.663125,0.0062499999999999,-0.0099970613184005,0.015620727211927
in_the_wild,reference_lfcc_logreg,noise,30.0,-30.0,0.608125,-0.0487499999999999,-0.0737439330961279,-0.0206414636108657
in_the_wild,reference_lfcc_logreg,reverb,0.1,0.1,0.603125,-0.0537499999999999,-0.071253262994392,-0.0287543426277636
in_the_wild,spectra_aasist3,reverb,0.9,0.9,0.3249999999999999,0.3093749999999999,0.2887453707904266,0.3350245122361077
in_the_wild,spectra_aasist3,real_rir,1.0,1.0,0.2456249999999999,0.2299999999999999,0.2106271026158729,0.2525021471380472
in_the_wild,spectra_aasist3,noise,0.0,-0.0,0.2025,0.186875,0.1662469978253997,0.2074765928452699
in_the_wild,spectra_aasist3,codec,16.0,-16.0,0.149375,0.13375,0.0968593099880523,0.1406190108932763
in_the_wild,spectra_aasist3,real_noise,0.0,-0.0,0.12,0.104375,0.0868788491219842,0.1218814592368106
in_the_wild,spectra_aasist3,real_bird,5.0,-5.0,0.0999999999999999,0.0843749999999999,0.0681281978712162,0.1000118171774366
in_the_wild,spectra_aasist3,gain,-20.0,20.0,0.040625,0.025,0.008143094870745,0.031907090810719
in_the_wild,spectra_aasist3,chirp,10.0,-10.0,0.030625,0.015,0.0050000703134887,0.0218358704465106
in_the_wild,spectra_aasist3,transmission,0.2,0.2,0.0218749999999999,0.0062499999999999,-0.0012504411224847,0.0143683618381691
in_the_wild,spectra_aasist3,bandpass,8000.0,-8000.0,0.01625,0.000625,-0.0062503672105973,0.0050008010956609
in_the_wild,spectra_aasist3,transcode_identity,320.0,-320.0,0.0162499999999999,0.0006249999999999,-0.0018900866003696,0.0100099314328145
in_the_wild,ssl_aasist,reverb,0.7,0.7,0.3924999999999999,0.27625,0.2506293079188779,0.307487282062112
in_the_wild,ssl_aasist,gain,-20.0,20.0,0.3818749999999999,0.265625,0.2387558126453161,0.2912476576773258
in_the_wild,ssl_aasist,noise,0.0,-0.0,0.36375,0.2475,0.2243743716007401,0.2781179710321254
in_the_wild,ssl_aasist,chirp,5.0,-5.0,0.2212499999999999,0.1049999999999999,0.0893348820238117,0.1250242817663353
in_the_wild,ssl_aasist,codec,8.0,-8.0,0.195625,0.079375,0.0581157368150896,0.1006474739627424
in_the_wild,ssl_aasist,transmission,0.2,0.2,0.16,0.04375,0.0231244585126817,0.0668728167202214
in_the_wild,ssl_aasist,bandpass,2000.0,-2000.0,0.138125,0.021875,0.010002575680038,0.0362405776778051
in_the_wild,ssl_aasist,transcode_identity,320.0,-320.0,0.118125,0.001875,-0.0044296799462882,0.0081353331280817
in_the_wild,xlsr_mamba,reverb,0.9,0.9,0.33375,0.265625,0.2400023865652414,0.2893781646337798
in_the_wild,xlsr_mamba,gain,-20.0,20.0,0.31125,0.243125,0.2156258950295785,0.2669067389976484
in_the_wild,xlsr_mamba,noise,0.0,-0.0,0.2375,0.169375,0.1450404744463591,0.1862512669799148
in_the_wild,xlsr_mamba,transmission,0.2,0.2,0.1899999999999999,0.1218749999999999,0.098751310062795,0.138157611040861
in_the_wild,xlsr_mamba,codec,8.0,-8.0,0.154375,0.08625,0.0687516999934073,0.1069317182862432
in_the_wild,xlsr_mamba,chirp,5.0,-5.0,0.124375,0.0562499999999999,0.0399901860372196,0.0669098035195794
in_the_wild,xlsr_mamba,bandpass,2000.0,-2000.0,0.0956249999999999,0.0274999999999999,0.0125012232664802,0.0381225347706168
in_the_wild,xlsr_mamba,transcode_identity,320.0,-320.0,0.0687499999999999,0.0006249999999999,-0.0037783843350485,0.0069200491170479
