run_group,run,dataset,source,victim,cosine_mean,cosine_median,sign_alignment_mean,sign_alignment_median,n
runs_align,align_asv19,asvspoof2019_la,aasist,aasist3_kan,-0.0014089935155539,-0.000493155567868,0.0014564247574369,0.0015461428800861,300
runs_align,align_asv19,asvspoof2019_la,aasist,nes2net,-0.000974834783727,-0.0008595802506339,-0.0017630845515224,-0.0012911443417829,300
runs_align,align_asv19,asvspoof2019_la,aasist,nes2net_v2,-0.0006238710229379,-0.0001720778021416,0.002053943488502,0.0013022500250627,300
runs_align,align_asv19,asvspoof2019_la,aasist,rawnet2,0.010233110398279,0.0073556085700028,0.0100762230159332,0.0093075251405083,300
runs_align,align_asv19,asvspoof2019_la,aasist,spectra_aasist3,-0.0003753583026614,-0.000192188241137,0.001050395648767,0.0011069079150673,300
runs_align,align_asv19,asvspoof2019_la,aasist,ssl_aasist,-0.0002756764754032,-0.0001250392601429,-0.0002771046255668,0.0002420205264608,300
runs_align,align_asv19,asvspoof2019_la,aasist,wavlm_linear,0.0006268778405299,0.0014907820907899,0.0020226165146594,0.0031937781021197,300
runs_align,align_asv19,asvspoof2019_la,aasist,xlsr_linear,0.0002730847323289,0.0002557397237839,0.0021638821018975,0.0041731463281195,300
runs_align,align_asv19,asvspoof2019_la,aasist,xlsr_mamba,0.0011788583240716,0.0014016416156699,0.0017126317852376,0.0026984283170304,300
runs_align,align_asv19,asvspoof2019_la,aasist3_kan,aasist,-0.0014089935155539,-0.000493155567868,0.0028864761239972,0.0016993944991874,300
runs_align,align_asv19,asvspoof2019_la,aasist3_kan,nes2net,0.0026226662515459,0.0040318219653424,0.0070564060175191,0.0070245199816906,300
runs_align,align_asv19,asvspoof2019_la,aasist3_kan,nes2net_v2,0.0041566738167332,0.0023022303343057,0.0032715134096166,0.0039257836457869,300
runs_align,align_asv19,asvspoof2019_la,aasist3_kan,rawnet2,-0.0004538581587079,-0.0002198532775061,-0.0034882258990188,-0.0043586234606907,300
runs_align,align_asv19,asvspoof2019_la,aasist3_kan,spectra_aasist3,0.0032317690756184,0.0031226966373232,0.0047980686065681,0.0038336981092383,300
runs_align,align_asv19,asvspoof2019_la,aasist3_kan,ssl_aasist,-0.000836350331852,0.0004292010379662,0.0004748563120283,-0.0005450977224199,300
runs_align,align_asv19,asvspoof2019_la,aasist3_kan,wavlm_linear,0.0059359024893482,0.0048556621826358,0.0007417924119204,0.0015859170912796,300
runs_align,align_asv19,asvspoof2019_la,aasist3_kan,xlsr_linear,-0.0001292760330026,0.0005620985853815,0.0005885373191759,0.0045214339792741,300
runs_align,align_asv19,asvspoof2019_la,aasist3_kan,xlsr_mamba,0.0070597123805278,0.0039798979967776,0.0021529628324275,0.0025030696359565,300
runs_align,align_asv19,asvspoof2019_la,nes2net,aasist,-0.000974834783727,-0.0008595802506339,0.0003716612552052,0.0007907005702257,300
runs_align,align_asv19,asvspoof2019_la,nes2net,aasist3_kan,0.0026226662515459,0.0040318219653424,0.0095206374765931,0.008778895305041,300
runs_align,align_asv19,asvspoof2019_la,nes2net,nes2net_v2,0.0025710698935503,0.0020575519346096,0.0031658252181585,0.0086296857083357,300
runs_align,align_asv19,asvspoof2019_la,nes2net,rawnet2,-0.0002771432667542,-0.0006710047098232,-0.0026140074280479,-0.0024145744652634,300
runs_align,align_asv19,asvspoof2019_la,nes2net,spectra_aasist3,-0.0029992487007043,0.0048177229633827,-0.0029599801819508,0.0084539924992873,300
runs_align,align_asv19,asvspoof2019_la,nes2net,ssl_aasist,0.0015898012158511,0.0019411752182355,0.0082269159476113,0.0075808048713566,300
runs_align,align_asv19,asvspoof2019_la,nes2net,wavlm_linear,0.0077704287603247,0.0125266719079875,0.0436024418320322,0.0481693829780535,300
runs_align,align_asv19,asvspoof2019_la,nes2net,xlsr_linear,0.0007258136879244,0.0009590134910777,0.003717622008505,0.0051944846248599,300
runs_align,align_asv19,asvspoof2019_la,nes2net,xlsr_mamba,0.0016093551206294,-0.0003465276834407,0.0146988625507865,0.0138937295598037,300
runs_align,align_asv19,asvspoof2019_la,nes2net_v2,aasist,-0.0006238710229379,-0.0001720778021416,0.0014251415680745,0.0015185192081851,300
runs_align,align_asv19,asvspoof2019_la,nes2net_v2,aasist3_kan,0.0041566738167332,0.0023022303343057,0.0053879669437045,0.005767189628374,300
runs_align,align_asv19,asvspoof2019_la,nes2net_v2,nes2net,0.0025710698935503,0.0020575519346096,0.0029679525824296,0.0021907646875375,300
runs_align,align_asv19,asvspoof2019_la,nes2net_v2,rawnet2,0.0016292799398581,0.0010606864594864,0.0019961159542702,0.0022514419844422,300
runs_align,align_asv19,asvspoof2019_la,nes2net_v2,spectra_aasist3,-0.0017073614895852,0.0005136997648231,-0.0016103406126289,-0.0008337539641058,300
runs_align,align_asv19,asvspoof2019_la,nes2net_v2,ssl_aasist,0.0081994568021129,0.0150889583129667,0.0072210483911802,0.0168068833919134,300
runs_align,align_asv19,asvspoof2019_la,nes2net_v2,wavlm_linear,0.0028502892785594,0.0024248689393638,0.0037837282255118,0.0043347551564679,300
runs_align,align_asv19,asvspoof2019_la,nes2net_v2,xlsr_linear,-0.0206938189311566,-0.0085717430290463,-0.0089884331214706,0.0042329969653123,300
runs_align,align_asv19,asvspoof2019_la,nes2net_v2,xlsr_mamba,0.0177968286554462,0.0124495931346479,0.0355502434340172,0.0288441505278823,300
runs_align,align_asv19,asvspoof2019_la,rawnet2,aasist,0.010233110398279,0.0073556085700028,0.0074213795083624,0.0070592907561565,300
runs_align,align_asv19,asvspoof2019_la,rawnet2,aasist3_kan,-0.0004538581587079,-0.0002198532775061,-0.0032137219306607,-0.0013744186123086,300
runs_align,align_asv19,asvspoof2019_la,rawnet2,nes2net,-0.0002771432667542,-0.0006710047098232,-0.0002697437233651,-0.0004367561540346,300
runs_align,align_asv19,asvspoof2019_la,rawnet2,nes2net_v2,0.0016292799398581,0.0010606864594864,0.0029977310606727,0.0030551513395755,300
runs_align,align_asv19,asvspoof2019_la,rawnet2,spectra_aasist3,-0.0004815904259792,-0.0004326831174169,0.0015445443112933,0.0005989811338375,300
runs_align,align_asv19,asvspoof2019_la,rawnet2,ssl_aasist,-0.0001273528508589,-0.0002957748252575,-0.0011834470509166,-0.0018983157581152,300
runs_align,align_asv19,asvspoof2019_la,rawnet2,wavlm_linear,0.0009981787530738,2.2375725936766044e-05,0.0013433188314194,0.0014635985249258,300
runs_align,align_asv19,asvspoof2019_la,rawnet2,xlsr_linear,0.0009073101207483,0.0011424283950229,0.0029943272440827,0.0022212768704275,300
runs_align,align_asv19,asvspoof2019_la,rawnet2,xlsr_mamba,0.000349870720265,-0.0001986856294847,-0.001549920943147,-0.0013367756374502,300
runs_align,align_asv19,asvspoof2019_la,spectra_aasist3,aasist,-0.0003753583026614,-0.000192188241137,0.0001729192167826,0.0007380460802846,300
runs_align,align_asv19,asvspoof2019_la,spectra_aasist3,aasist3_kan,0.0032317690756184,0.0031226966373232,0.0002334571166823,-0.0005171769173966,300
runs_align,align_asv19,asvspoof2019_la,spectra_aasist3,nes2net,-0.0029992487007043,0.0048177229633827,-0.0086765217244441,-0.0003090622818625,300
runs_align,align_asv19,asvspoof2019_la,spectra_aasist3,nes2net_v2,-0.0017073614895852,0.0005136997648231,9.76796789417056e-05,0.002118315172556,300
runs_align,align_asv19,asvspoof2019_la,spectra_aasist3,rawnet2,-0.0004815904259792,-0.0004326831174169,0.0002480748918986,0.0005032940235771,300
runs_align,align_asv19,asvspoof2019_la,spectra_aasist3,ssl_aasist,0.0005463186712378,0.0006513532631524,0.0002577749956838,-0.0012103611789912,300
runs_align,align_asv19,asvspoof2019_la,spectra_aasist3,wavlm_linear,0.001704000159341,0.0019696440614471,0.0038849835930479,0.0055175052824266,300
runs_align,align_asv19,asvspoof2019_la,spectra_aasist3,xlsr_linear,-0.0053932764890197,-0.0014282608197823,-0.0110706356617582,-0.010576589703498,300
runs_align,align_asv19,asvspoof2019_la,spectra_aasist3,xlsr_mamba,-0.0013946208076313,0.0002765370424684,-0.0037309452269828,-0.0001178074925406,300
runs_align,align_asv19,asvspoof2019_la,ssl_aasist,aasist,-0.0002756764754032,-0.0001250392601429,0.0083981889235251,0.0089312570508639,300
runs_align,align_asv19,asvspoof2019_la,ssl_aasist,aasist3_kan,-0.000836350331852,0.0004292010379662,-0.0019997127556917,-0.0007176239986208,300
runs_align,align_asv19,asvspoof2019_la,ssl_aasist,nes2net,0.0015898012158511,0.0019411752182355,0.0065307746704834,0.0037441368154934,300
runs_align,align_asv19,asvspoof2019_la,ssl_aasist,nes2net_v2,0.0081994568021129,0.0150889583129667,0.016737914774984,0.0259353027908106,300
runs_align,align_asv19,asvspoof2019_la,ssl_aasist,rawnet2,-0.0001273528508589,-0.0002957748252575,0.0049410966274908,0.0038643295905871,300
runs_align,align_asv19,asvspoof2019_la,ssl_aasist,spectra_aasist3,0.0005463186712378,0.0006513532631524,0.004176559158052,0.0009336172522192,300
runs_align,align_asv19,asvspoof2019_la,ssl_aasist,wavlm_linear,0.0005581284326334,0.0011697976544715,0.0163259001172637,0.0150901920973096,300
runs_align,align_asv19,asvspoof2019_la,ssl_aasist,xlsr_linear,0.0066889463115902,0.006442050453139,0.0100477185269606,0.0129524406211531,300
runs_align,align_asv19,asvspoof2019_la,ssl_aasist,xlsr_mamba,0.0298389343825561,0.018219174851684,0.0831723027373611,0.079024457862397,300
runs_align,align_asv19,asvspoof2019_la,wavlm_linear,aasist,0.0006268778405299,0.0014907820907899,0.0026331308881166,0.0022392302393115,300
runs_align,align_asv19,asvspoof2019_la,wavlm_linear,aasist3_kan,0.0059359024893482,0.0048556621826358,0.0097576414114223,0.0079694273870498,300
runs_align,align_asv19,asvspoof2019_la,wavlm_linear,nes2net,0.0077704287603247,0.0125266719079875,0.0362730699908364,0.0370398515276474,300
runs_align,align_asv19,asvspoof2019_la,wavlm_linear,nes2net_v2,0.0028502892785594,0.0024248689393638,0.0024134774186084,0.0014276295572796,300
runs_align,align_asv19,asvspoof2019_la,wavlm_linear,rawnet2,0.0009981787530738,2.2375725936766044e-05,0.0029373350426043,0.0024864138211854,300
runs_align,align_asv19,asvspoof2019_la,wavlm_linear,spectra_aasist3,0.001704000159341,0.0019696440614471,0.0029247916760889,0.0097596031567963,300
runs_align,align_asv19,asvspoof2019_la,wavlm_linear,ssl_aasist,0.0005581284326334,0.0011697976544715,0.0034407305950917,0.0021390790100276,300
runs_align,align_asv19,asvspoof2019_la,wavlm_linear,xlsr_linear,-0.0018973062674781,-0.0006896511558186,0.0039369150544671,0.0062530995770005,300
runs_align,align_asv19,asvspoof2019_la,wavlm_linear,xlsr_mamba,0.0066920572649325,0.0043425723756469,0.017236862966665,0.0161502701582501,300
runs_align,align_asv19,asvspoof2019_la,xlsr_linear,aasist,0.0002730847323289,0.0002557397237839,0.0026227413089515,0.0024438306123124,300
runs_align,align_asv19,asvspoof2019_la,xlsr_linear,aasist3_kan,-0.0001292760330026,0.0005620985853815,0.0112023563668747,0.0141770017633068,300
runs_align,align_asv19,asvspoof2019_la,xlsr_linear,nes2net,0.0007258136879244,0.0009590134910777,0.0077274183432417,0.0070526445751061,300
runs_align,align_asv19,asvspoof2019_la,xlsr_linear,nes2net_v2,-0.0206938189311566,-0.0085717430290463,-0.0114185034004155,0.0089811749424977,300
runs_align,align_asv19,asvspoof2019_la,xlsr_linear,rawnet2,0.0009073101207483,0.0011424283950229,0.0047001825327469,0.0042832856007178,300
runs_align,align_asv19,asvspoof2019_la,xlsr_linear,spectra_aasist3,-0.0053932764890197,-0.0014282608197823,-0.0044468398731821,-0.0021433186813207,300
runs_align,align_asv19,asvspoof2019_la,xlsr_linear,ssl_aasist,0.0066889463115902,0.006442050453139,0.012923966543702,0.0275389658380885,300
runs_align,align_asv19,asvspoof2019_la,xlsr_linear,wavlm_linear,-0.0018973062674781,-0.0006896511558186,0.0091395600718827,0.0114518971933881,300
runs_align,align_asv19,asvspoof2019_la,xlsr_linear,xlsr_mamba,0.0041237551827442,0.003138639674417,0.0608979490568533,0.0699241506627428,300
runs_align,align_asv19,asvspoof2019_la,xlsr_mamba,aasist,0.0011788583240716,0.0014016416156699,0.0045231760537044,0.0038292000271345,300
runs_align,align_asv19,asvspoof2019_la,xlsr_mamba,aasist3_kan,0.0070597123805278,0.0039798979967776,0.0147051693273303,0.0113886285226508,300
runs_align,align_asv19,asvspoof2019_la,xlsr_mamba,nes2net,0.0016093551206294,-0.0003465276834407,0.006436642008593,0.0058903091362685,300
runs_align,align_asv19,asvspoof2019_la,xlsr_mamba,nes2net_v2,0.0177968286554462,0.0124495931346479,0.020678451157383,0.0296673389487023,300
runs_align,align_asv19,asvspoof2019_la,xlsr_mamba,rawnet2,0.000349870720265,-0.0001986856294847,0.0022581848327359,0.0024170799278979,300
runs_align,align_asv19,asvspoof2019_la,xlsr_mamba,spectra_aasist3,-0.0013946208076313,0.0002765370424684,-0.0029441337216059,0.0002032988733575,300
runs_align,align_asv19,asvspoof2019_la,xlsr_mamba,ssl_aasist,0.0298389343825561,0.018219174851684,0.0611545109909157,0.0502669705473236,300
runs_align,align_asv19,asvspoof2019_la,xlsr_mamba,wavlm_linear,0.0066920572649325,0.0043425723756469,0.013835151275969,0.0131787956978996,300
runs_align,align_asv19,asvspoof2019_la,xlsr_mamba,xlsr_linear,0.0041237551827442,0.003138639674417,0.0235270213555036,0.0219142106981001,300
runs_align,align_asv21,asvspoof2021_la,aasist,aasist3_kan,-1.5430999892751922e-05,0.00020918233019,0.0019446137619535,0.003472809755901,300
runs_align,align_asv21,asvspoof2021_la,aasist,nes2net,-6.146754604498679e-05,-0.0001934964828156,-0.0012320048161415,-0.0013817348924341,300
runs_align,align_asv21,asvspoof2021_la,aasist,nes2net_v2,-0.0006410519308428,-0.0006980251863638,0.0003525792494457,8.745373782764957e-05,300
runs_align,align_asv21,asvspoof2021_la,aasist,rawnet2,0.0072457269796197,0.0068053399178986,0.0071126077330201,0.0070923784614797,300
runs_align,align_asv21,asvspoof2021_la,aasist,spectra_aasist3,0.0002984986323755,0.0001510994275385,-0.0009389424252609,-0.0004054191875894,300
runs_align,align_asv21,asvspoof2021_la,aasist,ssl_aasist,0.0007774267611699,0.0003698119487687,0.0013243047090989,0.0015757109107568,300
runs_align,align_asv21,asvspoof2021_la,aasist,wavlm_linear,0.0006444139049639,0.0008820751456798,0.0015202180252106,0.00029517307106,300
runs_align,align_asv21,asvspoof2021_la,aasist,xlsr_linear,0.000859896161381,0.0002597405889493,0.0034160234885191,0.0038424729489529,300
runs_align,align_asv21,asvspoof2021_la,aasist,xlsr_mamba,0.0004284582863828,0.0009022729772162,0.0011114212294356,0.0012477754482411,300
runs_align,align_asv21,asvspoof2021_la,aasist3_kan,aasist,-1.5430999892751922e-05,0.00020918233019,0.0031277873879872,0.0032308955782131,300
runs_align,align_asv21,asvspoof2021_la,aasist3_kan,nes2net,0.0065013107169217,0.0034006091198577,0.0112548303559926,0.0094729617299601,300
runs_align,align_asv21,asvspoof2021_la,aasist3_kan,nes2net_v2,-0.0018068796611588,0.0005000164346346,-0.0009280732833217,0.0006069158515318,300
runs_align,align_asv21,asvspoof2021_la,aasist3_kan,rawnet2,-0.0004376659647768,-0.0007743217566735,-0.0006546362816799,-0.000219446065095,300
runs_align,align_asv21,asvspoof2021_la,aasist3_kan,spectra_aasist3,0.0013529153577459,0.0027468239565641,0.0055980953856125,0.0033275928933059,300
runs_align,align_asv21,asvspoof2021_la,aasist3_kan,ssl_aasist,-0.0017974659537347,0.0001072012222837,-0.0053624636693746,-0.0024489487432881,300
runs_align,align_asv21,asvspoof2021_la,aasist3_kan,wavlm_linear,-0.0015756781884502,0.0008951176062986,-0.0020637742488401,0.0002997580707445,300
runs_align,align_asv21,asvspoof2021_la,aasist3_kan,xlsr_linear,0.0041843896572089,0.0006159377913567,0.0008613446840921,0.0003403854999867,300
runs_align,align_asv21,asvspoof2021_la,aasist3_kan,xlsr_mamba,0.0022719008604339,0.0021771802587184,0.0039405042091885,0.0024009199050158,300
runs_align,align_asv21,asvspoof2021_la,nes2net,aasist,-6.146754604498679e-05,-0.0001934964828156,0.0005767495212858,4.9003852043714715e-05,300
runs_align,align_asv21,asvspoof2021_la,nes2net,aasist3_kan,0.0065013107169217,0.0034006091198577,0.0125462980840969,0.0102574791863784,300
runs_align,align_asv21,asvspoof2021_la,nes2net,nes2net_v2,0.0029467859207663,0.0016503321785992,0.0075049414150556,0.0066091442991807,300
runs_align,align_asv21,asvspoof2021_la,nes2net,rawnet2,-0.0013108658883143,-0.0010023387656417,-0.0016974184298765,-0.0012287816875144,300
runs_align,align_asv21,asvspoof2021_la,nes2net,spectra_aasist3,-0.0073171421395037,-0.0024127942678332,-0.0045947835070526,-0.0001867404602174,300
runs_align,align_asv21,asvspoof2021_la,nes2net,ssl_aasist,3.51612799176911e-06,0.0001879828210552,0.0053948049550987,0.0091126321928439,300
runs_align,align_asv21,asvspoof2021_la,nes2net,wavlm_linear,0.0027258742996881,0.0053180796084729,0.023039803525708,0.0256376781692638,300
runs_align,align_asv21,asvspoof2021_la,nes2net,xlsr_linear,0.002516464512893,0.0030115630344782,0.0102947052648699,0.0097531186947825,300
runs_align,align_asv21,asvspoof2021_la,nes2net,xlsr_mamba,0.0049283482564828,0.0030050979410903,0.0164787085104378,0.0165099118182014,300
runs_align,align_asv21,asvspoof2021_la,nes2net_v2,aasist,-0.0006410519308428,-0.0006980251863638,0.0006941072743492,-8.19062312182942e-05,300
runs_align,align_asv21,asvspoof2021_la,nes2net_v2,aasist3_kan,-0.0018068796611588,0.0005000164346346,0.0046391873847312,0.0061974569652854,300
runs_align,align_asv21,asvspoof2021_la,nes2net_v2,nes2net,0.0029467859207663,0.0016503321785992,0.0039336510593729,0.0045829550596985,300
runs_align,align_asv21,asvspoof2021_la,nes2net_v2,rawnet2,0.0017240347287578,0.0016170633801503,0.0024740252718081,0.0021626453254651,300
runs_align,align_asv21,asvspoof2021_la,nes2net_v2,spectra_aasist3,0.00220361867753,0.0037310132407654,0.0011487939994723,0.0024869446401159,300
runs_align,align_asv21,asvspoof2021_la,nes2net_v2,ssl_aasist,0.0066582643800956,0.0053738529794259,0.0157381515823157,0.0137643721414918,300
runs_align,align_asv21,asvspoof2021_la,nes2net_v2,wavlm_linear,0.0052817834508969,0.0025976533973754,0.0079450536609271,0.0063467292872747,300
runs_align,align_asv21,asvspoof2021_la,nes2net_v2,xlsr_linear,-0.0221484976921051,-0.034835234242007,-0.005852835148378,0.0076710909969572,300
runs_align,align_asv21,asvspoof2021_la,nes2net_v2,xlsr_mamba,0.0444975330137451,0.0385755040912592,0.0948743800181671,0.1002747472293963,300
runs_align,align_asv21,asvspoof2021_la,rawnet2,aasist,0.0072457269796197,0.0068053399178986,0.0052425953762845,0.004548924319394,300
runs_align,align_asv21,asvspoof2021_la,rawnet2,aasist3_kan,-0.0004376659647768,-0.0007743217566735,0.0008769164920711,0.0017952532607884,300
runs_align,align_asv21,asvspoof2021_la,rawnet2,nes2net,-0.0013108658883143,-0.0010023387656417,-0.0024726448685509,-0.0028836999955827,300
runs_align,align_asv21,asvspoof2021_la,rawnet2,nes2net_v2,0.0017240347287578,0.0016170633801503,0.0047550831517848,0.0048725886478097,300
runs_align,align_asv21,asvspoof2021_la,rawnet2,spectra_aasist3,0.000720980642594,4.8953203411782315e-05,0.0023131319134613,0.0015667660183915,300
runs_align,align_asv21,asvspoof2021_la,rawnet2,ssl_aasist,7.74383142766829e-05,0.0005559370619307,0.0022958300008661,0.0002734135307645,300
runs_align,align_asv21,asvspoof2021_la,rawnet2,wavlm_linear,0.0020442292745673,0.001488032006818,0.0032469755021873,0.0038004538600268,300
runs_align,align_asv21,asvspoof2021_la,rawnet2,xlsr_linear,0.0002498550396509,-0.0001013368054005,0.0041368576174733,0.0028394228254182,300
runs_align,align_asv21,asvspoof2021_la,rawnet2,xlsr_mamba,0.0008281142111037,0.0006926631959156,0.0011933795191367,0.0013388664680925,300
runs_align,align_asv21,asvspoof2021_la,spectra_aasist3,aasist,0.0002984986323755,0.0001510994275385,-0.0001394095455902,0.0011289409493535,300
runs_align,align_asv21,asvspoof2021_la,spectra_aasist3,aasist3_kan,0.0013529153577459,0.0027468239565641,0.0050103575396757,0.0051298212078745,300
runs_align,align_asv21,asvspoof2021_la,spectra_aasist3,nes2net,-0.0073171421395037,-0.0024127942678332,-0.0081898261064215,-0.0019193268216353,300
runs_align,align_asv21,asvspoof2021_la,spectra_aasist3,nes2net_v2,0.00220361867753,0.0037310132407654,0.0026913304631836,0.0036891477515338,300
runs_align,align_asv21,asvspoof2021_la,spectra_aasist3,rawnet2,0.000720980642594,4.8953203411782315e-05,-0.0014958847130659,-0.0011034620879008,300
runs_align,align_asv21,asvspoof2021_la,spectra_aasist3,ssl_aasist,0.0016176999032013,0.0012417653215443,0.0029496770193015,-0.0002748348200356,300
runs_align,align_asv21,asvspoof2021_la,spectra_aasist3,wavlm_linear,-0.0006042131378671,-0.0011340263773493,6.784335770271553e-05,-0.0013566765822157,300
runs_align,align_asv21,asvspoof2021_la,spectra_aasist3,xlsr_linear,0.0016605308318085,0.0001885230256707,0.0047389246583486,0.0013359411999656,300
runs_align,align_asv21,asvspoof2021_la,spectra_aasist3,xlsr_mamba,0.006051987141802,0.0041146056255882,0.0066227529331312,0.006798526087853,300
runs_align,align_asv21,asvspoof2021_la,ssl_aasist,aasist,0.0007774267611699,0.0003698119487687,0.0077276682702525,0.0071496846770122,300
runs_align,align_asv21,asvspoof2021_la,ssl_aasist,aasist3_kan,-0.0017974659537347,0.0001072012222837,0.0042813254041571,0.0036740229416296,300
runs_align,align_asv21,asvspoof2021_la,ssl_aasist,nes2net,3.51612799176911e-06,0.0001879828210552,0.008665560763098,0.0096704095076047,300
runs_align,align_asv21,asvspoof2021_la,ssl_aasist,nes2net_v2,0.0066582643800956,0.0053738529794259,0.0305851165539609,0.0308020368350214,300
runs_align,align_asv21,asvspoof2021_la,ssl_aasist,rawnet2,7.74383142766829e-05,0.0005559370619307,0.0045026497243418,0.0043019941881422,300
runs_align,align_asv21,asvspoof2021_la,ssl_aasist,spectra_aasist3,0.0016176999032013,0.0012417653215443,0.0038827974068455,0.0045990909666744,300
runs_align,align_asv21,asvspoof2021_la,ssl_aasist,wavlm_linear,0.0031978781699224,0.0017669818850364,0.0203075917964364,0.0222758451384712,300
runs_align,align_asv21,asvspoof2021_la,ssl_aasist,xlsr_linear,0.0109906035843175,0.0079474999022801,0.0235469833276231,0.0307215551372325,300
runs_align,align_asv21,asvspoof2021_la,ssl_aasist,xlsr_mamba,0.0271354139183982,0.0177375325082854,0.0940376715467262,0.0852550518477022,300
runs_align,align_asv21,asvspoof2021_la,wavlm_linear,aasist,0.0006444139049639,0.0008820751456798,0.0025107706162903,0.0030527965043203,300
runs_align,align_asv21,asvspoof2021_la,wavlm_linear,aasist3_kan,-0.0015756781884502,0.0008951176062986,0.000759357501954,-0.003051450819096,300
runs_align,align_asv21,asvspoof2021_la,wavlm_linear,nes2net,0.0027258742996881,0.0053180796084729,0.0242365605205048,0.0205190462713161,300
runs_align,align_asv21,asvspoof2021_la,wavlm_linear,nes2net_v2,0.0052817834508969,0.0025976533973754,0.0079201153512263,0.0074291948775082,300
runs_align,align_asv21,asvspoof2021_la,wavlm_linear,rawnet2,0.0020442292745673,0.001488032006818,0.002703803472768,0.0027056181385429,300
runs_align,align_asv21,asvspoof2021_la,wavlm_linear,spectra_aasist3,-0.0006042131378671,-0.0011340263773493,0.0014741759070881,0.0003142414348007,300
runs_align,align_asv21,asvspoof2021_la,wavlm_linear,ssl_aasist,0.0031978781699224,0.0017669818850364,0.0146038319506079,0.0174518777184479,300
runs_align,align_asv21,asvspoof2021_la,wavlm_linear,xlsr_linear,-0.0025862830342994,-9.483498707861308e-05,0.0045992730130424,0.0075056844045159,300
runs_align,align_asv21,asvspoof2021_la,wavlm_linear,xlsr_mamba,0.008935250772578,0.0072391984342624,0.0219391582247914,0.0202051815466304,300
runs_align,align_asv21,asvspoof2021_la,xlsr_linear,aasist,0.000859896161381,0.0002597405889493,0.0027414191582285,0.0024532482391079,300
runs_align,align_asv21,asvspoof2021_la,xlsr_linear,aasist3_kan,0.0041843896572089,0.0006159377913567,0.0115484895293609,0.0105589067638172,300
runs_align,align_asv21,asvspoof2021_la,xlsr_linear,nes2net,0.002516464512893,0.0030115630344782,0.0120802760224754,0.0109261439576943,300
runs_align,align_asv21,asvspoof2021_la,xlsr_linear,nes2net_v2,-0.0221484976921051,-0.034835234242007,-0.0037785000397105,-0.0024449990668667,300
runs_align,align_asv21,asvspoof2021_la,xlsr_linear,rawnet2,0.0002498550396509,-0.0001013368054005,0.0015781996200661,0.0018540920751916,300
runs_align,align_asv21,asvspoof2021_la,xlsr_linear,spectra_aasist3,0.0016605308318085,0.0001885230256707,0.001499512103849,0.0013444296085869,300
runs_align,align_asv21,asvspoof2021_la,xlsr_linear,ssl_aasist,0.0109906035843175,0.0079474999022801,0.0195799395215277,0.0238514414829063,300
runs_align,align_asv21,asvspoof2021_la,xlsr_linear,wavlm_linear,-0.0025862830342994,-9.483498707861308e-05,0.0041493841924769,0.0045150348875641,300
runs_align,align_asv21,asvspoof2021_la,xlsr_linear,xlsr_mamba,0.0340152584268803,0.0176925063216229,0.0697805513921801,0.0732363450239696,300
runs_align,align_asv21,asvspoof2021_la,xlsr_mamba,aasist,0.0004284582863828,0.0009022729772162,0.0028586736027004,0.0033226140852436,300
runs_align,align_asv21,asvspoof2021_la,xlsr_mamba,aasist3_kan,0.0022719008604339,0.0021771802587184,0.0073185404852407,0.0082815899379786,300
runs_align,align_asv21,asvspoof2021_la,xlsr_mamba,nes2net,0.0049283482564828,0.0030050979410903,0.0111178318509565,0.0100398771989705,300
runs_align,align_asv21,asvspoof2021_la,xlsr_mamba,nes2net_v2,0.0444975330137451,0.0385755040912592,0.0725562911355833,0.0799973192339291,300
runs_align,align_asv21,asvspoof2021_la,xlsr_mamba,rawnet2,0.0008281142111037,0.0006926631959156,0.0034077308114063,0.0025560498488902,300
runs_align,align_asv21,asvspoof2021_la,xlsr_mamba,spectra_aasist3,0.006051987141802,0.0041146056255882,0.0012344532308066,0.0019353524694127,300
runs_align,align_asv21,asvspoof2021_la,xlsr_mamba,ssl_aasist,0.0271354139183982,0.0177375325082854,0.0534534615308143,0.0548661782891614,300
runs_align,align_asv21,asvspoof2021_la,xlsr_mamba,wavlm_linear,0.008935250772578,0.0072391984342624,0.0171151159189984,0.0134005025519376,300
runs_align,align_asv21,asvspoof2021_la,xlsr_mamba,xlsr_linear,0.0340152584268803,0.0176925063216229,0.0573542455131746,0.0508151203697896,300
runs_align,align_itw,in_the_wild,aasist,aasist3_kan,1.300725983569025e-05,0.0006804664363924,0.00348101162866,0.0037924725237544,300
runs_align,align_itw,in_the_wild,aasist,nes2net,0.000872289186028,0.0009474512743364,0.0022526266630067,0.0017808864263112,300
runs_align,align_itw,in_the_wild,aasist,nes2net_v2,0.0013292908152179,0.0008386664442967,0.0016201675927863,0.0001912920659095,300
runs_align,align_itw,in_the_wild,aasist,rawnet2,0.0305264155053326,0.0263956814216943,0.0180294062593997,0.018593340528879,300
runs_align,align_itw,in_the_wild,aasist,spectra_aasist3,-0.0009140763487722,-0.0001273185040222,-0.0013805478127207,-0.0013339648532363,300
runs_align,align_itw,in_the_wild,aasist,ssl_aasist,0.0030184464431987,0.0019523026001441,0.0052565646676614,0.0065928346223525,300
runs_align,align_itw,in_the_wild,aasist,wavlm_linear,0.0009445271223515,0.0007204395098078,0.0006610739587183,0.0011223088481631,300
runs_align,align_itw,in_the_wild,aasist,xlsr_linear,0.0009495619756184,0.0002862534996898,0.0008973423124074,0.0001995145613225,300
runs_align,align_itw,in_the_wild,aasist,xlsr_mamba,0.0017484984745307,0.0012404747819834,0.0010397076987726,0.0010975100459552,300
runs_align,align_itw,in_the_wild,aasist3_kan,aasist,1.300725983569025e-05,0.0006804664363924,0.0049672808117028,0.0052319701645283,300
runs_align,align_itw,in_the_wild,aasist3_kan,nes2net,0.0039980211977298,0.0065834945128134,0.0103813412023436,0.0098706502568734,300
runs_align,align_itw,in_the_wild,aasist3_kan,nes2net_v2,0.0043729440829003,0.0017765261534252,0.0042686687203466,0.0039668099022356,300
runs_align,align_itw,in_the_wild,aasist3_kan,rawnet2,0.0003358527100507,-0.0003307088191807,-0.0007687195956914,-0.0011881296631941,300
runs_align,align_itw,in_the_wild,aasist3_kan,spectra_aasist3,0.0008182129893307,0.0018893101210732,-0.0012102169327738,-0.0022004528179984,300
runs_align,align_itw,in_the_wild,aasist3_kan,ssl_aasist,-0.0006323336763212,4.28956049231819e-05,-0.0056914427193865,-0.0057900501871305,300
runs_align,align_itw,in_the_wild,aasist3_kan,wavlm_linear,0.004696534111881,0.0022026865523546,-9.630793172088084e-05,-0.0018227801017749,300
runs_align,align_itw,in_the_wild,aasist3_kan,xlsr_linear,0.0017871145653553,0.0016577777456452,0.004884578615283,0.0063328174205824,300
runs_align,align_itw,in_the_wild,aasist3_kan,xlsr_mamba,0.0075605922689264,0.0044328577900354,0.0108405841546502,0.009993138504028,300
runs_align,align_itw,in_the_wild,nes2net,aasist,0.000872289186028,0.0009474512743364,0.0032863921771238,0.0034882391426388,300
runs_align,align_itw,in_the_wild,nes2net,aasist3_kan,0.0039980211977298,0.0065834945128134,0.0129557962114448,0.0178725040312406,300
runs_align,align_itw,in_the_wild,nes2net,nes2net_v2,0.0016943336700403,-3.285258593563668e-05,0.0073815194820866,0.0062001545835919,300
runs_align,align_itw,in_the_wild,nes2net,rawnet2,-2.249534813737427e-05,-0.0007249351360809,-0.0018431341193702,-0.001749346781797,300
runs_align,align_itw,in_the_wild,nes2net,spectra_aasist3,-0.0120630309482004,-0.0127864259664615,-0.0201016085859496,-0.018108153721398,300
runs_align,align_itw,in_the_wild,nes2net,ssl_aasist,0.0037909479738425,0.0019533761110092,0.0092588079189265,0.0098007036809534,300
runs_align,align_itw,in_the_wild,nes2net,wavlm_linear,0.0252140422444989,0.0150045272543161,0.0668818546045502,0.0590685063389114,300
runs_align,align_itw,in_the_wild,nes2net,xlsr_linear,0.0013244274060343,0.0032540330786755,0.008421618183886,0.0078456679671561,300
runs_align,align_itw,in_the_wild,nes2net,xlsr_mamba,0.0060012638179829,0.0039789810125515,0.0224920220359124,0.0223316269665907,300
runs_align,align_itw,in_the_wild,nes2net_v2,aasist,0.0013292908152179,0.0008386664442967,0.0032728969475171,0.0031392280484595,300
runs_align,align_itw,in_the_wild,nes2net_v2,aasist3_kan,0.0043729440829003,0.0017765261534252,0.0128492309324066,0.0124219455370245,300
runs_align,align_itw,in_the_wild,nes2net_v2,nes2net,0.0016943336700403,-3.285258593563668e-05,0.0092015201076337,0.006333789358089,300
runs_align,align_itw,in_the_wild,nes2net_v2,rawnet2,0.0009916440774381,0.0003571071250472,0.0046833064227058,0.0033907812849225,300
runs_align,align_itw,in_the_wild,nes2net_v2,spectra_aasist3,0.0028149309368454,0.0012798089738072,0.0061193739447163,0.0070448024186452,300
runs_align,align_itw,in_the_wild,nes2net_v2,ssl_aasist,0.0241203596135588,0.0108388200519219,0.0748672956935364,0.0860409346791062,300
runs_align,align_itw,in_the_wild,nes2net_v2,wavlm_linear,0.0042419874977704,0.0029840543081898,0.0138129103399508,0.0190135513500585,300
runs_align,align_itw,in_the_wild,nes2net_v2,xlsr_linear,0.0273404361785156,0.0197691874611956,0.0297936863129499,0.0374512430323435,300
runs_align,align_itw,in_the_wild,nes2net_v2,xlsr_mamba,0.0441152694606438,0.0299297341112895,0.1433386084179971,0.1640475584047215,300
runs_align,align_itw,in_the_wild,rawnet2,aasist,0.0305264155053326,0.0263956814216943,0.019137617130611,0.0178706867643308,300
runs_align,align_itw,in_the_wild,rawnet2,aasist3_kan,0.0003358527100507,-0.0003307088191807,0.0027102564010952,0.0024396963767986,300
runs_align,align_itw,in_the_wild,rawnet2,nes2net,-2.249534813737427e-05,-0.0007249351360809,-0.0032049462951623,-0.0020382295718649,300
runs_align,align_itw,in_the_wild,rawnet2,nes2net_v2,0.0009916440774381,0.0003571071250472,0.0001507924170213,0.0002875741771322,300
runs_align,align_itw,in_the_wild,rawnet2,spectra_aasist3,0.0015616225637902,0.0011281174648632,0.0014505872087743,0.0014247509301109,300
runs_align,align_itw,in_the_wild,rawnet2,ssl_aasist,0.002277841912971,0.0011742773506959,0.0019062661852976,0.0034830314757151,300
runs_align,align_itw,in_the_wild,rawnet2,wavlm_linear,0.0025716050405539,0.0007960242969883,0.0017623153555921,-0.0005604801623602,300
runs_align,align_itw,in_the_wild,rawnet2,xlsr_linear,0.0013275394318493,-0.0002092817463481,0.0006741057511714,0.0003929009833967,300
runs_align,align_itw,in_the_wild,rawnet2,xlsr_mamba,0.0014637863209315,0.0010178591278849,0.0008234117626239,0.0012890785132347,300
runs_align,align_itw,in_the_wild,spectra_aasist3,aasist,-0.0009140763487722,-0.0001273185040222,-0.0005422162707787,-0.000266642618123,300
runs_align,align_itw,in_the_wild,spectra_aasist3,aasist3_kan,0.0008182129893307,0.0018893101210732,-0.0038884052863195,-0.0005195873447856,300
runs_align,align_itw,in_the_wild,spectra_aasist3,nes2net,-0.0120630309482004,-0.0127864259664615,-0.0147051630598085,-0.0130194480788893,300
runs_align,align_itw,in_the_wild,spectra_aasist3,nes2net_v2,0.0028149309368454,0.0012798089738072,0.0059608886699414,0.0059980569898666,300
runs_align,align_itw,in_the_wild,spectra_aasist3,rawnet2,0.0015616225637902,0.0011281174648632,0.0017506215775725,0.0022322886869761,300
runs_align,align_itw,in_the_wild,spectra_aasist3,ssl_aasist,0.0005616578892738,0.0007821532582521,0.0014446312569809,0.0024258236926937,300
runs_align,align_itw,in_the_wild,spectra_aasist3,wavlm_linear,0.0018497738049299,0.0028394175039261,0.0030124971611645,0.0022936358405108,300
runs_align,align_itw,in_the_wild,spectra_aasist3,xlsr_linear,-0.0054801861788915,-0.0009781295617684,-0.0038273886038543,-0.0015381556689245,300
runs_align,align_itw,in_the_wild,spectra_aasist3,xlsr_mamba,0.0002174757517493,-0.0003694742814469,-0.0004500165986327,-0.0034291641157824,300
runs_align,align_itw,in_the_wild,ssl_aasist,aasist,0.0030184464431987,0.0019523026001441,0.0120013275804276,0.0124048169988734,300
runs_align,align_itw,in_the_wild,ssl_aasist,aasist3_kan,-0.0006323336763212,4.28956049231819e-05,0.0081651741783641,0.0098222893508859,300
runs_align,align_itw,in_the_wild,ssl_aasist,nes2net,0.0037909479738425,0.0019533761110092,0.0088028233267402,0.0097823976813812,300
runs_align,align_itw,in_the_wild,ssl_aasist,nes2net_v2,0.0241203596135588,0.0108388200519219,0.0728013105009244,0.0662417163626608,300
runs_align,align_itw,in_the_wild,ssl_aasist,rawnet2,0.002277841912971,0.0011742773506959,0.0119704497398279,0.0110889252857183,300
runs_align,align_itw,in_the_wild,ssl_aasist,spectra_aasist3,0.0005616578892738,0.0007821532582521,0.0015817414464949,-0.000211334440303,300
runs_align,align_itw,in_the_wild,ssl_aasist,wavlm_linear,0.0090763082632454,0.0053179010081936,0.0310851755503557,0.0301762287226333,300
runs_align,align_itw,in_the_wild,ssl_aasist,xlsr_linear,0.0206456743331206,0.0178458163900354,0.0388644343886884,0.0357396926562811,300
runs_align,align_itw,in_the_wild,ssl_aasist,xlsr_mamba,0.0525235150595077,0.0336910402746663,0.1654730506356313,0.1812324064195288,300
runs_align,align_itw,in_the_wild,wavlm_linear,aasist,0.0009445271223515,0.0007204395098078,0.0027402895768513,0.0023957293376222,300
runs_align,align_itw,in_the_wild,wavlm_linear,aasist3_kan,0.004696534111881,0.0022026865523546,0.0100094127124586,0.0082468154916849,300
runs_align,align_itw,in_the_wild,wavlm_linear,nes2net,0.0252140422444989,0.0150045272543161,0.0481112673729892,0.0390441628954865,300
runs_align,align_itw,in_the_wild,wavlm_linear,nes2net_v2,0.0042419874977704,0.0029840543081898,0.0159857677690527,0.0162926073651049,300
runs_align,align_itw,in_the_wild,wavlm_linear,rawnet2,0.0025716050405539,0.0007960242969883,0.0024867380879878,0.0019794093066306,300
runs_align,align_itw,in_the_wild,wavlm_linear,spectra_aasist3,0.0018497738049299,0.0028394175039261,0.0065941497104052,0.0063074281586295,300
runs_align,align_itw,in_the_wild,wavlm_linear,ssl_aasist,0.0090763082632454,0.0053179010081936,0.0239733234508696,0.0244987878484733,300
runs_align,align_itw,in_the_wild,wavlm_linear,xlsr_linear,0.0043450260564104,0.0028948646812566,0.0113155346422412,0.0178576278868502,300
runs_align,align_itw,in_the_wild,wavlm_linear,xlsr_mamba,0.023231914486068,0.015050033503621,0.045152383114899,0.0449501043511915,300
runs_align,align_itw,in_the_wild,xlsr_linear,aasist,0.0009495619756184,0.0002862534996898,0.0032395302909187,0.0033773689285187,300
runs_align,align_itw,in_the_wild,xlsr_linear,aasist3_kan,0.0017871145653553,0.0016577777456452,0.0157132391034501,0.0180078701120069,300
runs_align,align_itw,in_the_wild,xlsr_linear,nes2net,0.0013244274060343,0.0032540330786755,0.0074890867577046,0.0092990399511183,300
runs_align,align_itw,in_the_wild,xlsr_linear,nes2net_v2,0.0273404361785156,0.0197691874611956,0.0435119594537657,0.0424185584577942,300
runs_align,align_itw,in_the_wild,xlsr_linear,rawnet2,0.0013275394318493,-0.0002092817463481,0.0027869040229678,0.00214905351192,300
runs_align,align_itw,in_the_wild,xlsr_linear,spectra_aasist3,-0.0054801861788915,-0.0009781295617684,-0.0023434967379164,-0.0022967329028782,300
runs_align,align_itw,in_the_wild,xlsr_linear,ssl_aasist,0.0206456743331206,0.0178458163900354,0.0399412820289979,0.0350910431894959,300
runs_align,align_itw,in_the_wild,xlsr_linear,wavlm_linear,0.0043450260564104,0.0028948646812566,0.0200655587662224,0.0238411212519366,300
runs_align,align_itw,in_the_wild,xlsr_linear,xlsr_mamba,0.0314719890216772,0.0191492662107059,0.1007740771119294,0.1019107002688615,300
runs_align,align_itw,in_the_wild,xlsr_mamba,aasist,0.0017484984745307,0.0012404747819834,0.0047549460763488,0.0056222759451086,300
runs_align,align_itw,in_the_wild,xlsr_mamba,aasist3_kan,0.0075605922689264,0.0044328577900354,0.0174399567411169,0.0172851930260914,300
runs_align,align_itw,in_the_wild,xlsr_mamba,nes2net,0.0060012638179829,0.0039789810125515,0.0141634937297015,0.0115771444859452,300
runs_align,align_itw,in_the_wild,xlsr_mamba,nes2net_v2,0.0441152694606438,0.0299297341112895,0.1011888267817785,0.1114962068742152,300
runs_align,align_itw,in_the_wild,xlsr_mamba,rawnet2,0.0014637863209315,0.0010178591278849,0.0039322835789337,0.0032212983384658,300
runs_align,align_itw,in_the_wild,xlsr_mamba,spectra_aasist3,0.0002174757517493,-0.0003694742814469,0.0003478287678896,-0.0031830875017353,300
runs_align,align_itw,in_the_wild,xlsr_mamba,ssl_aasist,0.0525235150595077,0.0336910402746663,0.099712631909415,0.103716362642342,300
runs_align,align_itw,in_the_wild,xlsr_mamba,wavlm_linear,0.023231914486068,0.015050033503621,0.034930572268648,0.0333188486778779,300
runs_align,align_itw,in_the_wild,xlsr_mamba,xlsr_linear,0.0314719890216772,0.0191492662107059,0.0612863709480527,0.0595800092222059,300
runs_asv5b,align_aasist_pair,asvspoof5,aasist,aasist_asv5,0.000856761802555,0.0005130844631997,-0.0005092664128595,0.0001077782423657,300
runs_asv5b,align_aasist_pair,asvspoof5,aasist_asv5,aasist,0.000856761802555,0.0005130844631997,-0.0005401835023943,0.0001932982828784,300
runs_probes,align_itw,in_the_wild,aasist,hubert_linear,0.0010110632539701,0.0002963498446079,-0.0007903678691627,-0.0004525485940627,300
runs_probes,align_itw,in_the_wild,aasist,hubert_mlp,0.0017319439961649,0.0010968842908625,-0.0001793798299026,-0.0009856577664291,300
runs_probes,align_itw,in_the_wild,aasist,nes2net,0.000872289186028,0.0009474512743364,0.0022526266630067,0.0017808864263112,300
runs_probes,align_itw,in_the_wild,aasist,nes2net_v2,0.0013292908152179,0.0008386664442967,0.0016201675927863,0.0001912920659095,300
runs_probes,align_itw,in_the_wild,aasist,ssl_aasist,0.0030184464431987,0.0019523026001441,0.0052565646676614,0.0065928346223525,300
runs_probes,align_itw,in_the_wild,aasist,w2v2lv60_linear,-0.0003893744391127,-0.0003152684745338,-0.001257234101827,-0.0009264489133366,300
runs_probes,align_itw,in_the_wild,aasist,w2v2lv60_mlp,-0.0003855454379686,-0.0003876934408089,-0.0012200777140833,-0.0006986623737512,300
runs_probes,align_itw,in_the_wild,aasist,wavlm_linear,0.0009445271223515,0.0007204395098078,0.0006610739587183,0.0011223088481631,300
runs_probes,align_itw,in_the_wild,aasist,wavlmbase_linear,0.0009403169846974,0.0002256081489162,0.0015242930276743,-0.0004043661845372,300
runs_probes,align_itw,in_the_wild,aasist,wavlmbase_mlp,0.001156852924989,0.0010124252616621,0.0029412128710574,0.003236400530881,300
runs_probes,align_itw,in_the_wild,aasist,xlsr_linear,0.0009495619756184,0.0002862534996898,0.0008973423124074,0.0001995145613225,300
runs_probes,align_itw,in_the_wild,aasist,xlsr_mamba,0.0017484905567987,0.0012404631729478,0.0010396981088497,0.0010971591659018,300
runs_probes,align_itw,in_the_wild,hubert_linear,aasist,0.0010110632539701,0.0002963498446079,0.0024156099816323,0.0020359915009152,300
runs_probes,align_itw,in_the_wild,hubert_linear,hubert_mlp,0.8871991030579599,0.9321644087578532,0.9117131002934384,0.9402067833488228,300
runs_probes,align_itw,in_the_wild,hubert_linear,nes2net,0.0129666418042165,0.007929962546132,0.0283946328551601,0.0277746065714979,300
runs_probes,align_itw,in_the_wild,hubert_linear,nes2net_v2,0.0074086702969506,0.0049635761302534,0.0198391145861011,0.0216721344587658,300
runs_probes,align_itw,in_the_wild,hubert_linear,ssl_aasist,0.0123481036780136,0.0040985803482819,0.0275923866366226,0.0246294558026975,300
runs_probes,align_itw,in_the_wild,hubert_linear,w2v2lv60_linear,0.0019802657107449,0.0022129445934205,0.0085625910511611,0.0103567724335519,300
runs_probes,align_itw,in_the_wild,hubert_linear,w2v2lv60_mlp,0.0019693661183181,0.0026447856269544,0.0083220458776561,0.0100603584172625,300
runs_probes,align_itw,in_the_wild,hubert_linear,wavlm_linear,0.0714479393760057,0.060962244883844,0.1466852408838275,0.1453676759940873,300
runs_probes,align_itw,in_the_wild,hubert_linear,wavlmbase_linear,0.0258548290312977,0.0182651803636534,0.0606768776905881,0.0595206728057528,300
runs_probes,align_itw,in_the_wild,hubert_linear,wavlmbase_mlp,0.0170738534323941,0.0101214645135985,0.0490708182250457,0.0504324049259835,300
runs_probes,align_itw,in_the_wild,hubert_linear,xlsr_linear,0.0100779498018836,0.0072451702838129,0.0167176386941934,0.0169507791157216,300
runs_probes,align_itw,in_the_wild,hubert_linear,xlsr_mamba,0.0142150833066898,0.0165494629499256,0.0365404564129423,0.0415999989911316,300
runs_probes,align_itw,in_the_wild,hubert_mlp,aasist,0.0017319439961649,0.0010968842908625,0.0035454058856121,0.0027697486572998,300
runs_probes,align_itw,in_the_wild,hubert_mlp,hubert_linear,0.8871991030579599,0.9321644087578532,0.912596507413984,0.943934258005088,300
runs_probes,align_itw,in_the_wild,hubert_mlp,nes2net,0.0117049118130802,0.0072905037249095,0.0267112975319394,0.0252072278830053,300
runs_probes,align_itw,in_the_wild,hubert_mlp,nes2net_v2,0.0015072025837055,0.0023755489138604,0.0135447314121142,0.0143445917348048,300
runs_probes,align_itw,in_the_wild,hubert_mlp,ssl_aasist,0.0080715746692257,0.0017786556127958,0.0244193163832188,0.0215584718995675,300
runs_probes,align_itw,in_the_wild,hubert_mlp,w2v2lv60_linear,0.0012731723832574,0.0047837339268416,0.0052779998377413,0.0087629483841192,300
runs_probes,align_itw,in_the_wild,hubert_mlp,w2v2lv60_mlp,0.0012375818993915,0.0044956515188514,0.0052623258169616,0.0087670582193901,300
runs_probes,align_itw,in_the_wild,hubert_mlp,wavlm_linear,0.0590739763175179,0.0545211305297641,0.1337616275938023,0.1395093225939973,300
runs_probes,align_itw,in_the_wild,hubert_mlp,wavlmbase_linear,0.0211375744810532,0.0141327366732832,0.0518790978315394,0.0520034115554223,300
runs_probes,align_itw,in_the_wild,hubert_mlp,wavlmbase_mlp,0.0152073714739206,0.0101036940393366,0.0435557703103472,0.0470187754552646,300
runs_probes,align_itw,in_the_wild,hubert_mlp,xlsr_linear,0.0131949198677528,0.0082921890273469,0.024071140274401,0.0224879657937023,300
runs_probes,align_itw,in_the_wild,hubert_mlp,xlsr_mamba,0.0093313551335699,0.0118555470763256,0.0333093092570962,0.0400692369508928,300
runs_probes,align_itw,in_the_wild,nes2net,aasist,0.000872289186028,0.0009474512743364,0.0032863921771238,0.0034882391426388,300
runs_probes,align_itw,in_the_wild,nes2net,hubert_linear,0.0129666418042165,0.007929962546132,0.0344861447563111,0.0351067801647539,300
runs_probes,align_itw,in_the_wild,nes2net,hubert_mlp,0.0117049118130802,0.0072905037249095,0.0314073167534714,0.033447934393009,300
runs_probes,align_itw,in_the_wild,nes2net,nes2net_v2,0.0016943336700403,-3.285258593563668e-05,0.0073815194820866,0.0062001545835919,300
runs_probes,align_itw,in_the_wild,nes2net,ssl_aasist,0.0037909479738425,0.0019533761110092,0.0092588079189265,0.0098007036809534,300
runs_probes,align_itw,in_the_wild,nes2net,w2v2lv60_linear,0.001761854493537,0.0016749112596742,0.0054142630568609,0.0073623339195678,300
runs_probes,align_itw,in_the_wild,nes2net,w2v2lv60_mlp,0.0016295152771405,0.0014887186525608,0.0050883865651582,0.0066380582361326,300
runs_probes,align_itw,in_the_wild,nes2net,wavlm_linear,0.0252140422444989,0.0150045272543161,0.0668818546045502,0.0590685063389114,300
runs_probes,align_itw,in_the_wild,nes2net,wavlmbase_linear,0.005222516721717,0.0029410812424355,0.0148172229345778,0.0161690730812488,300
runs_probes,align_itw,in_the_wild,nes2net,wavlmbase_mlp,0.0009791425642382,-0.0001258182977338,0.0109764112478288,0.0134093688849318,300
runs_probes,align_itw,in_the_wild,nes2net,xlsr_linear,0.0013244274060343,0.0032540330786755,0.008421618183886,0.0078456679671561,300
runs_probes,align_itw,in_the_wild,nes2net,xlsr_mamba,0.0060012860454071,0.003978972291474,0.0224920340245233,0.0223317196521477,300
runs_probes,align_itw,in_the_wild,nes2net_v2,aasist,0.0013292908152179,0.0008386664442967,0.0032728969475171,0.0031392280484595,300
runs_probes,align_itw,in_the_wild,nes2net_v2,hubert_linear,0.0074086702969506,0.0049635761302534,0.0190405293837367,0.0236677299285853,300
runs_probes,align_itw,in_the_wild,nes2net_v2,hubert_mlp,0.0015072025837055,0.0023755489138604,0.0150495999816626,0.0159537203027313,300
runs_probes,align_itw,in_the_wild,nes2net_v2,nes2net,0.0016943336700403,-3.285258593563668e-05,0.0092015201076337,0.006333789358089,300
runs_probes,align_itw,in_the_wild,nes2net_v2,ssl_aasist,0.0241203596135588,0.0108388200519219,0.0748672956935364,0.0860409346791062,300
runs_probes,align_itw,in_the_wild,nes2net_v2,w2v2lv60_linear,0.0024444999523412,0.0015024409956703,0.0065838383588955,0.0048375359411639,300
runs_probes,align_itw,in_the_wild,nes2net_v2,w2v2lv60_mlp,0.0022477976332418,0.0014177655034964,0.0066608668358162,0.0054731375816847,300
runs_probes,align_itw,in_the_wild,nes2net_v2,wavlm_linear,0.0042419874977704,0.0029840543081898,0.0138129103399508,0.0190135513500585,300
runs_probes,align_itw,in_the_wild,nes2net_v2,wavlmbase_linear,0.0013151680899377,0.000891769942141,0.0055007860987268,0.0047453889963329,300
runs_probes,align_itw,in_the_wild,nes2net_v2,wavlmbase_mlp,-0.0029938291880481,0.0006463188284185,0.0013519188084332,0.0038448408079222,300
runs_probes,align_itw,in_the_wild,nes2net_v2,xlsr_linear,0.0273404361785156,0.0197691874611956,0.0297936863129499,0.0374512430323435,300
runs_probes,align_itw,in_the_wild,nes2net_v2,xlsr_mamba,0.044115702591687,0.0299293724253485,0.1433389485696842,0.1640473963646755,300
runs_probes,align_itw,in_the_wild,ssl_aasist,aasist,0.0030184464431987,0.0019523026001441,0.0120013275804276,0.0124048169988734,300
runs_probes,align_itw,in_the_wild,ssl_aasist,hubert_linear,0.0123481036780136,0.0040985803482819,0.0383805436467395,0.0407280272155314,300
runs_probes,align_itw,in_the_wild,ssl_aasist,hubert_mlp,0.0080715746692257,0.0017786556127958,0.0334482173616647,0.0357417605965381,300
runs_probes,align_itw,in_the_wild,ssl_aasist,nes2net,0.0037909479738425,0.0019533761110092,0.0088028233267402,0.0097823976813812,300
runs_probes,align_itw,in_the_wild,ssl_aasist,nes2net_v2,0.0241203596135588,0.0108388200519219,0.0728013105009244,0.0662417163626608,300
runs_probes,align_itw,in_the_wild,ssl_aasist,w2v2lv60_linear,0.0014611620028411,0.0016077728676556,0.0066808122410147,0.0051242487615111,300
runs_probes,align_itw,in_the_wild,ssl_aasist,w2v2lv60_mlp,0.0013853074153586,0.0017578439482019,0.0069496208018736,0.005283455507618,300
runs_probes,align_itw,in_the_wild,ssl_aasist,wavlm_linear,0.0090763082632454,0.0053179010081936,0.0310851755503557,0.0301762287226333,300
runs_probes,align_itw,in_the_wild,ssl_aasist,wavlmbase_linear,0.004435122982224,0.0026032239401589,0.0153524734525144,0.0137697020460699,300
runs_probes,align_itw,in_the_wild,ssl_aasist,wavlmbase_mlp,0.0034948129315456,0.0013728444960522,0.0115536009703396,0.0091311158496255,300
runs_probes,align_itw,in_the_wild,ssl_aasist,xlsr_linear,0.0206456743331206,0.0178458163900354,0.0388644343886884,0.0357396926562811,300
runs_probes,align_itw,in_the_wild,ssl_aasist,xlsr_mamba,0.0525235705676745,0.0336904914670118,0.1654730931029028,0.1812319212802855,300
runs_probes,align_itw,in_the_wild,w2v2lv60_linear,aasist,-0.0003893744391127,-0.0003152684745338,-0.0010048734826526,-0.0016226538887689,300
runs_probes,align_itw,in_the_wild,w2v2lv60_linear,hubert_linear,0.0019802657107449,0.0022129445934205,0.0223877598832451,0.0187186196499111,300
runs_probes,align_itw,in_the_wild,w2v2lv60_linear,hubert_mlp,0.0012731723832574,0.0047837339268416,0.0187716499535619,0.0202176603420656,300
runs_probes,align_itw,in_the_wild,w2v2lv60_linear,nes2net,0.001761854493537,0.0016749112596742,0.0038829836007735,0.0039591731181243,300
runs_probes,align_itw,in_the_wild,w2v2lv60_linear,nes2net_v2,0.0024444999523412,0.0015024409956703,0.0023853782251976,0.0013667864072709,300
runs_probes,align_itw,in_the_wild,w2v2lv60_linear,ssl_aasist,0.0014611620028411,0.0016077728676556,0.0038675482167864,0.0003854385673751,300
runs_probes,align_itw,in_the_wild,w2v2lv60_linear,w2v2lv60_mlp,0.996520855899828,0.999993960488855,0.997917695924846,0.999990272904972,300
runs_probes,align_itw,in_the_wild,w2v2lv60_linear,wavlm_linear,0.0015243620252279,0.000366159393306,0.0128887298694549,0.010253255870701,300
runs_probes,align_itw,in_the_wild,w2v2lv60_linear,wavlmbase_linear,-7.8037031030187e-05,0.00029351998273,0.0052842757485459,0.0027177026778672,300
runs_probes,align_itw,in_the_wild,w2v2lv60_linear,wavlmbase_mlp,0.0034661407155295,0.0021911452881834,0.0067559693498483,0.0041276596792095,300
runs_probes,align_itw,in_the_wild,w2v2lv60_linear,xlsr_linear,-0.0031402537617308,-0.0017578817769566,0.0006348103801906,0.0060347143881232,300
runs_probes,align_itw,in_the_wild,w2v2lv60_linear,xlsr_mamba,0.0037125213031511,0.0027130888926622,0.0082001250212971,0.0083466446462748,300
runs_probes,align_itw,in_the_wild,w2v2lv60_mlp,aasist,-0.0003855454379686,-0.0003876934408089,-0.0009599498548781,-0.0017779765030811,300
runs_probes,align_itw,in_the_wild,w2v2lv60_mlp,hubert_linear,0.0019693661183181,0.0026447856269544,0.0217222889189717,0.0193915795680745,300
runs_probes,align_itw,in_the_wild,w2v2lv60_mlp,hubert_mlp,0.0012375818993915,0.0044956515188514,0.0182125988889615,0.0180476978083525,300
runs_probes,align_itw,in_the_wild,w2v2lv60_mlp,nes2net,0.0016295152771405,0.0014887186525608,0.0036840719947309,0.002879185687086,300
runs_probes,align_itw,in_the_wild,w2v2lv60_mlp,nes2net_v2,0.0022477976332418,0.0014177655034964,0.0019025519705654,0.0013971383512545,300
runs_probes,align_itw,in_the_wild,w2v2lv60_mlp,ssl_aasist,0.0013853074153586,0.0017578439482019,0.0038279609812071,0.0009998802024322,300
runs_probes,align_itw,in_the_wild,w2v2lv60_mlp,w2v2lv60_linear,0.996520855899828,0.999993960488855,0.9983208491781156,0.999991444806169,300
runs_probes,align_itw,in_the_wild,w2v2lv60_mlp,wavlm_linear,0.0015148871964344,8.00271828511983e-05,0.0125258877468317,0.0103927241203671,300
runs_probes,align_itw,in_the_wild,w2v2lv60_mlp,wavlmbase_linear,5.850344022008921e-05,0.0001701074543957,0.0053758334306755,0.0031690559136488,300
runs_probes,align_itw,in_the_wild,w2v2lv60_mlp,wavlmbase_mlp,0.0035240549736022,0.0021937748489053,0.0069384509426287,0.0040220076168259,300
runs_probes,align_itw,in_the_wild,w2v2lv60_mlp,xlsr_linear,-0.003500232130807,-0.0019709946907974,0.000130439967786,0.0059661551818821,300
runs_probes,align_itw,in_the_wild,w2v2lv60_mlp,xlsr_mamba,0.0040792915130469,0.002504542696899,0.0084219380786771,0.0088604766778372,300
runs_probes,align_itw,in_the_wild,wavlm_linear,aasist,0.0009445271223515,0.0007204395098078,0.0027402895768513,0.0023957293376222,300
runs_probes,align_itw,in_the_wild,wavlm_linear,hubert_linear,0.0714479393760057,0.060962244883844,0.1599497436364069,0.1615785989566741,300
runs_probes,align_itw,in_the_wild,wavlm_linear,hubert_mlp,0.0590739763175179,0.0545211305297641,0.138569361609588,0.1438559978260646,300
runs_probes,align_itw,in_the_wild,wavlm_linear,nes2net,0.0252140422444989,0.0150045272543161,0.0481112673729892,0.0390441628954865,300
runs_probes,align_itw,in_the_wild,wavlm_linear,nes2net_v2,0.0042419874977704,0.0029840543081898,0.0159857677690527,0.0162926073651049,300
runs_probes,align_itw,in_the_wild,wavlm_linear,ssl_aasist,0.0090763082632454,0.0053179010081936,0.0239733234508696,0.0244987878484733,300
runs_probes,align_itw,in_the_wild,wavlm_linear,w2v2lv60_linear,0.0015243620252279,0.000366159393306,0.0084736234953068,0.0110381041946397,300
runs_probes,align_itw,in_the_wild,wavlm_linear,w2v2lv60_mlp,0.0015148871964344,8.00271828511983e-05,0.0085411447568527,0.0109994849479036,300
runs_probes,align_itw,in_the_wild,wavlm_linear,wavlmbase_linear,0.0274658179502078,0.0199342057022479,0.0709517986019023,0.0606443333621847,300
runs_probes,align_itw,in_the_wild,wavlm_linear,wavlmbase_mlp,0.0262973675592315,0.0212413514042186,0.064712561231832,0.0586659137419191,300
runs_probes,align_itw,in_the_wild,wavlm_linear,xlsr_linear,0.0043450260564104,0.0028948646812566,0.0113155346422412,0.0178576278868502,300
runs_probes,align_itw,in_the_wild,wavlm_linear,xlsr_mamba,0.0232319597176635,0.0150508959602769,0.0451524088726494,0.0449501077728657,300
runs_probes,align_itw,in_the_wild,wavlmbase_linear,aasist,0.0009403169846974,0.0002256081489162,0.0014367211771325,0.0013999116659397,300
runs_probes,align_itw,in_the_wild,wavlmbase_linear,hubert_linear,0.0258548290312977,0.0182651803636534,0.0793678051782991,0.0835786936166847,300
runs_probes,align_itw,in_the_wild,wavlmbase_linear,hubert_mlp,0.0211375744810532,0.0141327366732832,0.0670737628129313,0.0696288813496703,300
runs_probes,align_itw,in_the_wild,wavlmbase_linear,nes2net,0.005222516721717,0.0029410812424355,0.0124779361550876,0.0126582956317532,300
runs_probes,align_itw,in_the_wild,wavlmbase_linear,nes2net_v2,0.0013151680899377,0.000891769942141,0.0076708922972766,0.0096540030563732,300
runs_probes,align_itw,in_the_wild,wavlmbase_linear,ssl_aasist,0.004435122982224,0.0026032239401589,0.0124705830107491,0.0141921034597763,300
runs_probes,align_itw,in_the_wild,wavlmbase_linear,w2v2lv60_linear,-7.8037031030187e-05,0.00029351998273,0.007049615520763,0.0103682712672656,300
runs_probes,align_itw,in_the_wild,wavlmbase_linear,w2v2lv60_mlp,5.850344022008921e-05,0.0001701074543957,0.0067052587808747,0.0099533883178971,300
runs_probes,align_itw,in_the_wild,wavlmbase_linear,wavlm_linear,0.0274658179502078,0.0199342057022479,0.1016691658183643,0.0977033846025036,300
runs_probes,align_itw,in_the_wild,wavlmbase_linear,wavlmbase_mlp,0.7748264742469227,0.8748833248764468,0.8164080060729757,0.8845619510536802,300
runs_probes,align_itw,in_the_wild,wavlmbase_linear,xlsr_linear,-0.0067397677024971,-0.0021599183607027,-0.0007754153046173,0.0023659133208781,300
runs_probes,align_itw,in_the_wild,wavlmbase_linear,xlsr_mamba,0.0118890463853728,0.0053433299911947,0.0260456603805157,0.0262420955802055,300
runs_probes,align_itw,in_the_wild,wavlmbase_mlp,aasist,0.001156852924989,0.0010124252616621,0.0026757807901577,0.0012819784994223,300
runs_probes,align_itw,in_the_wild,wavlmbase_mlp,hubert_linear,0.0170738534323941,0.0101214645135985,0.0653507674546785,0.069821873358014,300
runs_probes,align_itw,in_the_wild,wavlmbase_mlp,hubert_mlp,0.0152073714739206,0.0101036940393366,0.0572501904808225,0.0594131940152331,300
runs_probes,align_itw,in_the_wild,wavlmbase_mlp,nes2net,0.0009791425642382,-0.0001258182977338,0.008896348881334,0.0113579869176729,300
runs_probes,align_itw,in_the_wild,wavlmbase_mlp,nes2net_v2,-0.0029938291880481,0.0006463188284185,0.0017075357129979,-0.0006446500142218,300
runs_probes,align_itw,in_the_wild,wavlmbase_mlp,ssl_aasist,0.0034948129315456,0.0013728444960522,0.0081029049259137,0.0113348877346867,300
runs_probes,align_itw,in_the_wild,wavlmbase_mlp,w2v2lv60_linear,0.0034661407155295,0.0021911452881834,0.0078009629595762,0.0078031567859767,300
runs_probes,align_itw,in_the_wild,wavlmbase_mlp,w2v2lv60_mlp,0.0035240549736022,0.0021937748489053,0.0076305587815633,0.00861997867442,300
runs_probes,align_itw,in_the_wild,wavlmbase_mlp,wavlm_linear,0.0262973675592315,0.0212413514042186,0.0986058244657673,0.1050982201158038,300
runs_probes,align_itw,in_the_wild,wavlmbase_mlp,wavlmbase_linear,0.7748264742469227,0.8748833248764468,0.8164691912563603,0.8841204201220656,300
runs_probes,align_itw,in_the_wild,wavlmbase_mlp,xlsr_linear,-0.0068152760661985,-0.0006373965004984,0.001113937781142,0.0040674382002947,300
runs_probes,align_itw,in_the_wild,wavlmbase_mlp,xlsr_mamba,0.0096052759584018,0.0041290859841681,0.0225732176925866,0.021262722119907,300
runs_probes,align_itw,in_the_wild,xlsr_linear,aasist,0.0009495619756184,0.0002862534996898,0.0032395302909187,0.0033773689285187,300
runs_probes,align_itw,in_the_wild,xlsr_linear,hubert_linear,0.0100779498018836,0.0072451702838129,0.0229036885862396,0.0235123948854372,300
runs_probes,align_itw,in_the_wild,xlsr_linear,hubert_mlp,0.0131949198677528,0.0082921890273469,0.0224050516967859,0.0257551465797899,300
runs_probes,align_itw,in_the_wild,xlsr_linear,nes2net,0.0013244274060343,0.0032540330786755,0.0074890867577046,0.0092990399511183,300
runs_probes,align_itw,in_the_wild,xlsr_linear,nes2net_v2,0.0273404361785156,0.0197691874611956,0.0435119594537657,0.0424185584577942,300
runs_probes,align_itw,in_the_wild,xlsr_linear,ssl_aasist,0.0206456743331206,0.0178458163900354,0.0399412820289979,0.0350910431894959,300
runs_probes,align_itw,in_the_wild,xlsr_linear,w2v2lv60_linear,-0.0031402537617308,-0.0017578817769566,-0.0019049051553742,-5.539613974790128e-05,300
runs_probes,align_itw,in_the_wild,xlsr_linear,w2v2lv60_mlp,-0.003500232130807,-0.0019709946907974,-0.0022303054467304,-2.6124186990640185e-05,300
runs_probes,align_itw,in_the_wild,xlsr_linear,wavlm_linear,0.0043450260564104,0.0028948646812566,0.0200655587662224,0.0238411212519366,300
runs_probes,align_itw,in_the_wild,xlsr_linear,wavlmbase_linear,-0.0067397677024971,-0.0021599183607027,0.0031103698377158,0.0043913100525872,300
runs_probes,align_itw,in_the_wild,xlsr_linear,wavlmbase_mlp,-0.0068152760661985,-0.0006373965004984,0.0005678110030651,0.0041335300483063,300
runs_probes,align_itw,in_the_wild,xlsr_linear,xlsr_mamba,0.0314724806574759,0.0191492989927958,0.1007744580116477,0.1019106793039739,300
runs_probes,align_itw,in_the_wild,xlsr_mamba,aasist,0.0017484905567987,0.0012404631729478,0.004755715734514,0.0056222759451086,300
runs_probes,align_itw,in_the_wild,xlsr_mamba,hubert_linear,0.0142150833066898,0.0165494629499256,0.0357002501168307,0.0391505557489061,300
runs_probes,align_itw,in_the_wild,xlsr_mamba,hubert_mlp,0.0093313551335699,0.0118555470763256,0.0288314200054737,0.031632079955665,300
runs_probes,align_itw,in_the_wild,xlsr_mamba,nes2net,0.0060012860454071,0.003978972291474,0.0141647300401247,0.0115771444859452,300
runs_probes,align_itw,in_the_wild,xlsr_mamba,nes2net_v2,0.044115702591687,0.0299293724253485,0.1011886506834418,0.1114962068742152,300
runs_probes,align_itw,in_the_wild,xlsr_mamba,ssl_aasist,0.0525235705676745,0.0336904914670118,0.0997121722708798,0.103716362642342,300
runs_probes,align_itw,in_the_wild,xlsr_mamba,w2v2lv60_linear,0.0037125213031511,0.0027130888926622,0.0096167513558513,0.0094996591032503,300
runs_probes,align_itw,in_the_wild,xlsr_mamba,w2v2lv60_mlp,0.0040792915130469,0.002504542696899,0.0096761467635079,0.0090965037999129,300
runs_probes,align_itw,in_the_wild,xlsr_mamba,wavlm_linear,0.0232319597176635,0.0150508959602769,0.0349300179809612,0.0333188486778779,300
runs_probes,align_itw,in_the_wild,xlsr_mamba,wavlmbase_linear,0.0118890463853728,0.0053433299911947,0.0187539154247859,0.013809224126322,300
runs_probes,align_itw,in_the_wild,xlsr_mamba,wavlmbase_mlp,0.0096052759584018,0.0041290859841681,0.0131271310914135,0.0108240391768891,300
runs_probes,align_itw,in_the_wild,xlsr_mamba,xlsr_linear,0.0314724806574759,0.0191492989927958,0.0612882607220891,0.0595800092222059,300
