run_group,run,dataset,model_name,attack,n_spoof,eer
runs_asv5,aasist3_asv5,asvspoof5,aasist3_kan,all,24000,0.27949999999999997
runs_asv5,aasist3_asv5,asvspoof5,aasist3_kan,A17,1500,0.4053333333333333
runs_asv5,aasist3_asv5,asvspoof5,aasist3_kan,A18,1500,0.56075
runs_asv5,aasist3_asv5,asvspoof5,aasist3_kan,A19,1500,0.3973333333333333
runs_asv5,aasist3_asv5,asvspoof5,aasist3_kan,A20,1500,0.31066666666666665
runs_asv5,aasist3_asv5,asvspoof5,aasist3_kan,A21,1500,0.06716666666666668
runs_asv5,aasist3_asv5,asvspoof5,aasist3_kan,A22,1500,0.07533333333333335
runs_asv5,aasist3_asv5,asvspoof5,aasist3_kan,A23,1500,0.19066666666666665
runs_asv5,aasist3_asv5,asvspoof5,aasist3_kan,A24,1500,0.12133333333333332
runs_asv5,aasist3_asv5,asvspoof5,aasist3_kan,A25,1500,0.16925
runs_asv5,aasist3_asv5,asvspoof5,aasist3_kan,A26,1500,0.3933333333333333
runs_asv5,aasist3_asv5,asvspoof5,aasist3_kan,A27,1500,0.2853333333333333
runs_asv5,aasist3_asv5,asvspoof5,aasist3_kan,A28,1500,0.20650000000000002
runs_asv5,aasist3_asv5,asvspoof5,aasist3_kan,A29,1500,0.19866666666666666
runs_asv5,aasist3_asv5,asvspoof5,aasist3_kan,A30,1500,0.38325
runs_asv5,aasist3_asv5,asvspoof5,aasist3_kan,A31,1500,0.15849999999999997
runs_asv5,aasist3_asv5,asvspoof5,aasist3_kan,A32,1500,0.30200000000000005
runs_asv5,aasist_asv5,asvspoof5,aasist,all,24000,0.30366666666666664
runs_asv5,aasist_asv5,asvspoof5,aasist,A17,1500,0.51325
runs_asv5,aasist_asv5,asvspoof5,aasist,A18,1500,0.18008333333333337
runs_asv5,aasist_asv5,asvspoof5,aasist,A19,1500,0.14283333333333337
runs_asv5,aasist_asv5,asvspoof5,aasist,A20,1500,0.18133333333333335
runs_asv5,aasist_asv5,asvspoof5,aasist,A21,1500,0.4906666666666667
runs_asv5,aasist_asv5,asvspoof5,aasist,A22,1500,0.46066666666666667
runs_asv5,aasist_asv5,asvspoof5,aasist,A23,1500,0.17675
runs_asv5,aasist_asv5,asvspoof5,aasist,A24,1500,0.3165833333333333
runs_asv5,aasist_asv5,asvspoof5,aasist,A25,1500,0.22183333333333333
runs_asv5,aasist_asv5,asvspoof5,aasist,A26,1500,0.43133333333333335
runs_asv5,aasist_asv5,asvspoof5,aasist,A27,1500,0.11324999999999998
runs_asv5,aasist_asv5,asvspoof5,aasist,A28,1500,0.43133333333333335
runs_asv5,aasist_asv5,asvspoof5,aasist,A29,1500,0.39725
runs_asv5,aasist_asv5,asvspoof5,aasist,A30,1500,0.10199999999999998
runs_asv5,aasist_asv5,asvspoof5,aasist,A31,1500,0.07466666666666666
runs_asv5,aasist_asv5,asvspoof5,aasist,A32,1500,0.132
runs_asv5,nes2net_asv5,asvspoof5,nes2net,all,24000,0.022166666666666668
runs_asv5,nes2net_asv5,asvspoof5,nes2net,A17,1500,0.002833333333333353
runs_asv5,nes2net_asv5,asvspoof5,nes2net,A18,1500,0.019916666666666676
runs_asv5,nes2net_asv5,asvspoof5,nes2net,A19,1500,0.0018333333333333344
runs_asv5,nes2net_asv5,asvspoof5,nes2net,A20,1500,0.00016666666666666666
runs_asv5,nes2net_asv5,asvspoof5,nes2net,A21,1500,8.333333333333333e-05
runs_asv5,nes2net_asv5,asvspoof5,nes2net,A22,1500,0.00016666666666666666
runs_asv5,nes2net_asv5,asvspoof5,nes2net,A23,1500,0.004666666666666687
runs_asv5,nes2net_asv5,asvspoof5,nes2net,A24,1500,0.01533333333333332
runs_asv5,nes2net_asv5,asvspoof5,nes2net,A25,1500,0.00016666666666666666
runs_asv5,nes2net_asv5,asvspoof5,nes2net,A26,1500,0.00016666666666666666
runs_asv5,nes2net_asv5,asvspoof5,nes2net,A27,1500,0.00016666666666666666
runs_asv5,nes2net_asv5,asvspoof5,nes2net,A28,1500,0.11616666666666667
runs_asv5,nes2net_asv5,asvspoof5,nes2net,A29,1500,0.0033333333333333166
runs_asv5,nes2net_asv5,asvspoof5,nes2net,A30,1500,0.018666666666666692
runs_asv5,nes2net_asv5,asvspoof5,nes2net,A31,1500,0.004000000000000002
runs_asv5,nes2net_asv5,asvspoof5,nes2net,A32,1500,0.00016666666666666666
runs_asv5,nes2net_v2_asv5,asvspoof5,nes2net_v2,all,24000,0.028187499999999973
runs_asv5,nes2net_v2_asv5,asvspoof5,nes2net_v2,A17,1500,0.05533333333333334
runs_asv5,nes2net_v2_asv5,asvspoof5,nes2net_v2,A18,1500,0.014750000000000025
runs_asv5,nes2net_v2_asv5,asvspoof5,nes2net_v2,A19,1500,0.016000000000000007
runs_asv5,nes2net_v2_asv5,asvspoof5,nes2net_v2,A20,1500,0.01783333333333334
runs_asv5,nes2net_v2_asv5,asvspoof5,nes2net_v2,A21,1500,0.014666666666666692
runs_asv5,nes2net_v2_asv5,asvspoof5,nes2net_v2,A22,1500,0.015916666666666676
runs_asv5,nes2net_v2_asv5,asvspoof5,nes2net_v2,A23,1500,0.015916666666666676
runs_asv5,nes2net_v2_asv5,asvspoof5,nes2net_v2,A24,1500,0.02266666666666664
runs_asv5,nes2net_v2_asv5,asvspoof5,nes2net_v2,A25,1500,0.015916666666666676
runs_asv5,nes2net_v2_asv5,asvspoof5,nes2net_v2,A26,1500,0.01408333333333334
runs_asv5,nes2net_v2_asv5,asvspoof5,nes2net_v2,A27,1500,0.017416666666666657
runs_asv5,nes2net_v2_asv5,asvspoof5,nes2net_v2,A28,1500,0.09208333333333332
runs_asv5,nes2net_v2_asv5,asvspoof5,nes2net_v2,A29,1500,0.02124999999999999
runs_asv5,nes2net_v2_asv5,asvspoof5,nes2net_v2,A30,1500,0.017333333333333322
runs_asv5,nes2net_v2_asv5,asvspoof5,nes2net_v2,A31,1500,0.015916666666666676
runs_asv5,nes2net_v2_asv5,asvspoof5,nes2net_v2,A32,1500,0.018666666666666692
runs_asv5,rawnet2_asv5,asvspoof5,rawnet2,all,24000,0.4015208333333333
runs_asv5,rawnet2_asv5,asvspoof5,rawnet2,A17,1500,0.4634166666666667
runs_asv5,rawnet2_asv5,asvspoof5,rawnet2,A18,1500,0.4033333333333333
runs_asv5,rawnet2_asv5,asvspoof5,rawnet2,A19,1500,0.3318333333333333
runs_asv5,rawnet2_asv5,asvspoof5,rawnet2,A20,1500,0.1479166666666667
runs_asv5,rawnet2_asv5,asvspoof5,rawnet2,A21,1500,0.358
runs_asv5,rawnet2_asv5,asvspoof5,rawnet2,A22,1500,0.41800000000000004
runs_asv5,rawnet2_asv5,asvspoof5,rawnet2,A23,1500,0.23183333333333334
runs_asv5,rawnet2_asv5,asvspoof5,rawnet2,A24,1500,0.544
runs_asv5,rawnet2_asv5,asvspoof5,rawnet2,A25,1500,0.3440833333333333
runs_asv5,rawnet2_asv5,asvspoof5,rawnet2,A26,1500,0.42800000000000005
runs_asv5,rawnet2_asv5,asvspoof5,rawnet2,A27,1500,0.4093333333333333
runs_asv5,rawnet2_asv5,asvspoof5,rawnet2,A28,1500,0.3726666666666667
runs_asv5,rawnet2_asv5,asvspoof5,rawnet2,A29,1500,0.4178333333333334
runs_asv5,rawnet2_asv5,asvspoof5,rawnet2,A30,1500,0.5066666666666666
runs_asv5,rawnet2_asv5,asvspoof5,rawnet2,A31,1500,0.4933333333333333
runs_asv5,rawnet2_asv5,asvspoof5,rawnet2,A32,1500,0.5153333333333333
runs_asv5,reference_asv5,asvspoof5,reference_lfcc_logreg,all,24000,0.3361875
runs_asv5,reference_asv5,asvspoof5,reference_lfcc_logreg,A17,1500,0.3853333333333333
runs_asv5,reference_asv5,asvspoof5,reference_lfcc_logreg,A18,1500,0.53
runs_asv5,reference_asv5,asvspoof5,reference_lfcc_logreg,A19,1500,0.506
runs_asv5,reference_asv5,asvspoof5,reference_lfcc_logreg,A20,1500,0.3986666666666666
runs_asv5,reference_asv5,asvspoof5,reference_lfcc_logreg,A21,1500,0.01266666666666669
runs_asv5,reference_asv5,asvspoof5,reference_lfcc_logreg,A22,1500,0.025916666666666678
runs_asv5,reference_asv5,asvspoof5,reference_lfcc_logreg,A23,1500,0.020666666666666694
runs_asv5,reference_asv5,asvspoof5,reference_lfcc_logreg,A24,1500,0.26008333333333333
runs_asv5,reference_asv5,asvspoof5,reference_lfcc_logreg,A25,1500,0.012166666666666673
runs_asv5,reference_asv5,asvspoof5,reference_lfcc_logreg,A26,1500,0.43733333333333335
runs_asv5,reference_asv5,asvspoof5,reference_lfcc_logreg,A27,1500,0.4926666666666667
runs_asv5,reference_asv5,asvspoof5,reference_lfcc_logreg,A28,1500,0.32799999999999996
runs_asv5,reference_asv5,asvspoof5,reference_lfcc_logreg,A29,1500,0.2886666666666666
runs_asv5,reference_asv5,asvspoof5,reference_lfcc_logreg,A30,1500,0.6113333333333333
runs_asv5,reference_asv5,asvspoof5,reference_lfcc_logreg,A31,1500,0.22999999999999998
runs_asv5,reference_asv5,asvspoof5,reference_lfcc_logreg,A32,1500,0.1313333333333333
runs_asv5,spectra_aasist3_asv5,asvspoof5,spectra_aasist3,all,24000,0.019020833333333313
runs_asv5,spectra_aasist3_asv5,asvspoof5,spectra_aasist3,A17,1500,0.0038333333333333353
runs_asv5,spectra_aasist3_asv5,asvspoof5,spectra_aasist3,A18,1500,0.014666666666666692
runs_asv5,spectra_aasist3_asv5,asvspoof5,spectra_aasist3,A19,1500,0.04933333333333334
runs_asv5,spectra_aasist3_asv5,asvspoof5,spectra_aasist3,A20,1500,0.03266666666666664
runs_asv5,spectra_aasist3_asv5,asvspoof5,spectra_aasist3,A21,1500,0.0038333333333333353
runs_asv5,spectra_aasist3_asv5,asvspoof5,spectra_aasist3,A22,1500,0.003249999999999983
runs_asv5,spectra_aasist3_asv5,asvspoof5,spectra_aasist3,A23,1500,0.008000000000000004
runs_asv5,spectra_aasist3_asv5,asvspoof5,spectra_aasist3,A24,1500,0.0021666666666666674
runs_asv5,spectra_aasist3_asv5,asvspoof5,spectra_aasist3,A25,1500,0.0038333333333333353
runs_asv5,spectra_aasist3_asv5,asvspoof5,spectra_aasist3,A26,1500,0.0038333333333333353
runs_asv5,spectra_aasist3_asv5,asvspoof5,spectra_aasist3,A27,1500,0.010750000000000023
runs_asv5,spectra_aasist3_asv5,asvspoof5,spectra_aasist3,A28,1500,0.0038333333333333353
runs_asv5,spectra_aasist3_asv5,asvspoof5,spectra_aasist3,A29,1500,0.0038333333333333353
runs_asv5,spectra_aasist3_asv5,asvspoof5,spectra_aasist3,A30,1500,0.01783333333333334
runs_asv5,spectra_aasist3_asv5,asvspoof5,spectra_aasist3,A31,1500,0.012083333333333338
runs_asv5,spectra_aasist3_asv5,asvspoof5,spectra_aasist3,A32,1500,0.013333333333333322
runs_asv5,ssl_aasist_asv5,asvspoof5,ssl_aasist,all,24000,0.07147916666666665
runs_asv5,ssl_aasist_asv5,asvspoof5,ssl_aasist,A17,1500,0.21999999999999997
runs_asv5,ssl_aasist_asv5,asvspoof5,ssl_aasist,A18,1500,0.005833333333333336
runs_asv5,ssl_aasist_asv5,asvspoof5,ssl_aasist,A19,1500,0.006083333333333336
runs_asv5,ssl_aasist_asv5,asvspoof5,ssl_aasist,A20,1500,0.002083333333333334
runs_asv5,ssl_aasist_asv5,asvspoof5,ssl_aasist,A21,1500,0.020583333333333363
runs_asv5,ssl_aasist_asv5,asvspoof5,ssl_aasist,A22,1500,0.02516666666666666
runs_asv5,ssl_aasist_asv5,asvspoof5,ssl_aasist,A23,1500,0.002083333333333334
runs_asv5,ssl_aasist_asv5,asvspoof5,ssl_aasist,A24,1500,0.13
runs_asv5,ssl_aasist_asv5,asvspoof5,ssl_aasist,A25,1500,0.0021666666666666674
runs_asv5,ssl_aasist_asv5,asvspoof5,ssl_aasist,A26,1500,0.026749999999999975
runs_asv5,ssl_aasist_asv5,asvspoof5,ssl_aasist,A27,1500,0.0025833333333333533
runs_asv5,ssl_aasist_asv5,asvspoof5,ssl_aasist,A28,1500,0.23475000000000001
runs_asv5,ssl_aasist_asv5,asvspoof5,ssl_aasist,A29,1500,0.08399999999999999
runs_asv5,ssl_aasist_asv5,asvspoof5,ssl_aasist,A30,1500,0.002833333333333353
runs_asv5,ssl_aasist_asv5,asvspoof5,ssl_aasist,A31,1500,0.002083333333333334
runs_asv5,ssl_aasist_asv5,asvspoof5,ssl_aasist,A32,1500,0.0021666666666666674
runs_asv5,wavlm_linear_asv5,asvspoof5,wavlm_linear,all,24000,0.13237499999999996
runs_asv5,wavlm_linear_asv5,asvspoof5,wavlm_linear,A17,1500,0.1459166666666667
runs_asv5,wavlm_linear_asv5,asvspoof5,wavlm_linear,A18,1500,0.043333333333333335
runs_asv5,wavlm_linear_asv5,asvspoof5,wavlm_linear,A19,1500,0.054666666666666655
runs_asv5,wavlm_linear_asv5,asvspoof5,wavlm_linear,A20,1500,0.010000000000000005
runs_asv5,wavlm_linear_asv5,asvspoof5,wavlm_linear,A21,1500,0.09666666666666668
runs_asv5,wavlm_linear_asv5,asvspoof5,wavlm_linear,A22,1500,0.04666666666666665
runs_asv5,wavlm_linear_asv5,asvspoof5,wavlm_linear,A23,1500,0.03791666666666668
runs_asv5,wavlm_linear_asv5,asvspoof5,wavlm_linear,A24,1500,0.16866666666666663
runs_asv5,wavlm_linear_asv5,asvspoof5,wavlm_linear,A25,1500,0.01883333333333336
runs_asv5,wavlm_linear_asv5,asvspoof5,wavlm_linear,A26,1500,0.04058333333333332
runs_asv5,wavlm_linear_asv5,asvspoof5,wavlm_linear,A27,1500,0.0021666666666666674
runs_asv5,wavlm_linear_asv5,asvspoof5,wavlm_linear,A28,1500,0.4578333333333333
runs_asv5,wavlm_linear_asv5,asvspoof5,wavlm_linear,A29,1500,0.27141666666666664
runs_asv5,wavlm_linear_asv5,asvspoof5,wavlm_linear,A30,1500,0.010666666666666689
runs_asv5,wavlm_linear_asv5,asvspoof5,wavlm_linear,A31,1500,0.005333333333333317
runs_asv5,wavlm_linear_asv5,asvspoof5,wavlm_linear,A32,1500,0.002666666666666686
runs_asv5,xlsr_linear_asv5,asvspoof5,xlsr_linear,all,24000,0.16183333333333336
runs_asv5,xlsr_linear_asv5,asvspoof5,xlsr_linear,A17,1500,0.26783333333333337
runs_asv5,xlsr_linear_asv5,asvspoof5,xlsr_linear,A18,1500,0.20199999999999999
runs_asv5,xlsr_linear_asv5,asvspoof5,xlsr_linear,A19,1500,0.08733333333333335
runs_asv5,xlsr_linear_asv5,asvspoof5,xlsr_linear,A20,1500,0.04049999999999998
runs_asv5,xlsr_linear_asv5,asvspoof5,xlsr_linear,A21,1500,0.05666666666666666
runs_asv5,xlsr_linear_asv5,asvspoof5,xlsr_linear,A22,1500,0.15466666666666665
runs_asv5,xlsr_linear_asv5,asvspoof5,xlsr_linear,A23,1500,0.051916666666666694
runs_asv5,xlsr_linear_asv5,asvspoof5,xlsr_linear,A24,1500,0.31266666666666665
runs_asv5,xlsr_linear_asv5,asvspoof5,xlsr_linear,A25,1500,0.10999999999999999
runs_asv5,xlsr_linear_asv5,asvspoof5,xlsr_linear,A26,1500,0.11791666666666667
runs_asv5,xlsr_linear_asv5,asvspoof5,xlsr_linear,A27,1500,0.02933333333333333
runs_asv5,xlsr_linear_asv5,asvspoof5,xlsr_linear,A28,1500,0.4
runs_asv5,xlsr_linear_asv5,asvspoof5,xlsr_linear,A29,1500,0.20066666666666666
runs_asv5,xlsr_linear_asv5,asvspoof5,xlsr_linear,A30,1500,0.08133333333333334
runs_asv5,xlsr_linear_asv5,asvspoof5,xlsr_linear,A31,1500,0.08449999999999999
runs_asv5,xlsr_linear_asv5,asvspoof5,xlsr_linear,A32,1500,0.023333333333333324
runs_asv5,xlsr_mamba_asv5,asvspoof5,xlsr_mamba,all,24000,0.04697916666666666
runs_asv5,xlsr_mamba_asv5,asvspoof5,xlsr_mamba,A17,1500,0.13066666666666668
runs_asv5,xlsr_mamba_asv5,asvspoof5,xlsr_mamba,A18,1500,0.009833333333333338
runs_asv5,xlsr_mamba_asv5,asvspoof5,xlsr_mamba,A19,1500,0.012000000000000005
runs_asv5,xlsr_mamba_asv5,asvspoof5,xlsr_mamba,A20,1500,0.0005833333333333521
runs_asv5,xlsr_mamba_asv5,asvspoof5,xlsr_mamba,A21,1500,0.005333333333333317
runs_asv5,xlsr_mamba_asv5,asvspoof5,xlsr_mamba,A22,1500,0.002666666666666686
runs_asv5,xlsr_mamba_asv5,asvspoof5,xlsr_mamba,A23,1500,0.0007500000000000189
runs_asv5,xlsr_mamba_asv5,asvspoof5,xlsr_mamba,A24,1500,0.025333333333333326
runs_asv5,xlsr_mamba_asv5,asvspoof5,xlsr_mamba,A25,1500,0.0007500000000000189
runs_asv5,xlsr_mamba_asv5,asvspoof5,xlsr_mamba,A26,1500,0.007833333333333336
runs_asv5,xlsr_mamba_asv5,asvspoof5,xlsr_mamba,A27,1500,0.0005833333333333521
runs_asv5,xlsr_mamba_asv5,asvspoof5,xlsr_mamba,A28,1500,0.17666666666666664
runs_asv5,xlsr_mamba_asv5,asvspoof5,xlsr_mamba,A29,1500,0.04208333333333335
runs_asv5,xlsr_mamba_asv5,asvspoof5,xlsr_mamba,A30,1500,0.0008333333333333521
runs_asv5,xlsr_mamba_asv5,asvspoof5,xlsr_mamba,A31,1500,8.333333333333333e-05
runs_asv5,xlsr_mamba_asv5,asvspoof5,xlsr_mamba,A32,1500,0.0005833333333333521
runs_asv5b,aasist_asv5_asv5,asvspoof5,aasist_asv5,all,24000,0.22862500000000002
runs_asv5b,aasist_asv5_asv5,asvspoof5,aasist_asv5,A17,1500,0.03733333333333333
runs_asv5b,aasist_asv5_asv5,asvspoof5,aasist_asv5,A18,1500,0.4793333333333333
runs_asv5b,aasist_asv5_asv5,asvspoof5,aasist_asv5,A19,1500,0.5966666666666667
runs_asv5b,aasist_asv5_asv5,asvspoof5,aasist_asv5,A20,1500,0.5058333333333334
runs_asv5b,aasist_asv5_asv5,asvspoof5,aasist_asv5,A21,1500,0.03874999999999998
runs_asv5b,aasist_asv5_asv5,asvspoof5,aasist_asv5,A22,1500,0.051250000000000004
runs_asv5b,aasist_asv5_asv5,asvspoof5,aasist_asv5,A23,1500,0.19541666666666668
runs_asv5b,aasist_asv5_asv5,asvspoof5,aasist_asv5,A24,1500,0.02600000000000001
runs_asv5b,aasist_asv5_asv5,asvspoof5,aasist_asv5,A25,1500,0.11816666666666667
runs_asv5b,aasist_asv5_asv5,asvspoof5,aasist_asv5,A26,1500,0.1433333333333333
runs_asv5b,aasist_asv5_asv5,asvspoof5,aasist_asv5,A27,1500,0.14933333333333332
runs_asv5b,aasist_asv5_asv5,asvspoof5,aasist_asv5,A28,1500,0.11316666666666664
runs_asv5b,aasist_asv5_asv5,asvspoof5,aasist_asv5,A29,1500,0.004833333333333354
runs_asv5b,aasist_asv5_asv5,asvspoof5,aasist_asv5,A30,1500,0.3433333333333334
runs_asv5b,aasist_asv5_asv5,asvspoof5,aasist_asv5,A31,1500,0.20399999999999996
runs_asv5b,aasist_asv5_asv5,asvspoof5,aasist_asv5,A32,1500,0.1485833333333333
