run_group,run,dataset,model_name,eer,auc,f1,min_dcf,cllr,min_cllr,threshold,n
runs,aasist3_asv19_attack,asvspoof2019_la,aasist3_kan,0.16125,0.9087781249999998,0.83875,0.6800000000000002,3.67394096239473,0.5241125451160695,0.9999780768048824,1600.0
runs,aasist3_asv19_attack_matrix,asvspoof2019_la,aasist3_kan,0.16125,0.9087781249999998,0.83875,0.6800000000000002,3.67394096239473,0.5241125451160695,0.9999780768048824,1600.0
runs,aasist3_asv19_sweep,asvspoof2019_la,,,,,,,,,
runs,aasist3_asv21_sweep,asvspoof2021_la,,,,,,,,,
runs,aasist3_itw_sweep,in_the_wild,,,,,,,,,
runs,aasist_asv19_attack,asvspoof2019_la,aasist,0.006249999999999989,0.999746875,0.99375,0.036250000000000004,0.10348743772282668,0.02211376833873819,0.031702239478255866,1600.0
runs,aasist_asv19_attack_matrix,asvspoof2019_la,aasist,0.006249999999999989,0.999746875,0.99375,0.036250000000000004,0.10348743772282668,0.02211376833873819,0.031702239478255866,1600.0
runs,aasist_asv19_sweep,asvspoof2019_la,,,,,,,,,
runs,aasist_asv21_sweep,asvspoof2021_la,,,,,,,,,
runs,aasist_itw_sweep,in_the_wild,,,,,,,,,
runs,codec_all_asv19_sweep,asvspoof2019_la,,,,,,,,,
runs,codec_all_asv21_sweep,asvspoof2021_la,,,,,,,,,
runs,codec_all_itw_sweep,in_the_wild,,,,,,,,,
runs,encodec_asv19_sweep,asvspoof2019_la,,,,,,,,,
runs,extra_conditions_asv19_sweep,asvspoof2019_la,,,,,,,,,
runs,laundering_asv19_sweep,asvspoof2019_la,,,,,,,,,
runs,laundering_itw_sweep,in_the_wild,,,,,,,,,
runs,nes2net_asv19_attack,asvspoof2019_la,nes2net,0.16562500000000002,0.9051515625,0.8344784509681449,0.42249999999999993,1.851042023265593,0.4704388679592709,0.0132404409072372,1600.0
runs,nes2net_asv19_attack_matrix,asvspoof2019_la,nes2net,0.16562500000000002,0.9051515625,0.8344784509681449,0.42249999999999993,1.8510420232655918,0.4704388679592709,0.013240440907237284,1600.0
runs,nes2net_asv19_sweep,asvspoof2019_la,,,,,,,,,
runs,nes2net_asv21_sweep,asvspoof2021_la,,,,,,,,,
runs,nes2net_itw_sweep,in_the_wild,,,,,,,,,
runs,nes2net_v2_asv19_attack_matrix,asvspoof2019_la,nes2net_v2,0.0,1.0,1.0,0.0,0.01645384918385807,1.4426957622577083e-06,0.02424666945611736,1600.0
runs,nes2net_v2_asv19_sweep,asvspoof2019_la,,,,,,,,,
runs,nes2net_v2_asv21_sweep,asvspoof2021_la,,,,,,,,,
runs,nes2net_v2_itw_sweep,in_the_wild,,,,,,,,,
runs,noise_fine_asv19_sweep,asvspoof2019_la,,,,,,,,,
runs,rawnet2_asv19_attack,asvspoof2019_la,rawnet2,0.046250000000000006,0.9908921875,0.95375,0.18750000000000003,0.41838207471917377,0.15618079125492484,0.0094478125933058,1600.0
runs,rawnet2_asv19_attack_matrix,asvspoof2019_la,rawnet2,0.046250000000000006,0.9908921875,0.95375,0.18750000000000003,0.418382074719169,0.15618079125492484,0.00944781259330586,1600.0
runs,rawnet2_asv19_sweep,asvspoof2019_la,,,,,,,,,
runs,rawnet2_asv21_sweep,asvspoof2021_la,,,,,,,,,
runs,rawnet2_itw_sweep,in_the_wild,,,,,,,,,
runs,real_itw_all_sweep,in_the_wild,,,,,,,,,
runs,real_itw_sweep,in_the_wild,,,,,,,,,
runs,reference_asv21_sweep,asvspoof2021_la,,,,,,,,,
runs,reference_crossdomain_sweep,in_the_wild,,,,,,,,,
runs,reference_native_sweep,asvspoof2019_la,,,,,,,,,
runs,shortcut_asv19_sweep,asvspoof2019_la,,,,,,,,,
runs,shortcut_itw_sweep,in_the_wild,,,,,,,,,
runs,spectra_aasist3_asv19_attack_matrix,asvspoof2019_la,spectra_aasist3,0.006874999999999989,0.9948703125,0.9931292941911305,0.14874999999999994,0.082216430338584,0.041164486129317265,0.8338180453607489,1600.0
runs,spectra_asv19_attack,asvspoof2019_la,spectra_aasist3,0.006874999999999989,0.9948703125,0.9931292941911305,0.14874999999999994,0.08221643033858309,0.041164486129317265,0.8338180453607489,1600.0
runs,spectra_asv19_sweep,asvspoof2019_la,,,,,,,,,
runs,spectra_asv21_sweep,asvspoof2021_la,,,,,,,,,
runs,spectra_itw_sweep,in_the_wild,,,,,,,,,
runs,ssl_aasist_asv19_attack,asvspoof2019_la,ssl_aasist,0.0012499999999999868,0.99993125,0.99875,0.0037500000000000315,0.017010452145840585,0.005984269038400177,0.04330317852617276,1600.0
runs,ssl_aasist_asv19_attack_matrix,asvspoof2019_la,ssl_aasist,0.0012499999999999868,0.99993125,0.99875,0.0037500000000000315,0.017010452145840585,0.005984269038400177,0.04330317852617276,1600.0
runs,ssl_aasist_asv19_sweep,asvspoof2019_la,,,,,,,,,
runs,ssl_aasist_asv21_sweep,asvspoof2021_la,,,,,,,,,
runs,ssl_aasist_itw_sweep,in_the_wild,,,,,,,,,
runs,telephony_asv19_sweep,asvspoof2019_la,,,,,,,,,
runs,wavlm_linear_asv19_attack_matrix,asvspoof2019_la,wavlm_linear,0.027499999999999983,0.9959296875,0.9725,0.10374999999999997,0.13702878822331488,0.09621229205589307,0.38560311475428133,1600.0
runs,wavlm_linear_asv19_sweep,asvspoof2019_la,,,,,,,,,
runs,wavlm_linear_asv21_sweep,asvspoof2021_la,,,,,,,,,
runs,wavlm_linear_itw_sweep,in_the_wild,,,,,,,,,
runs,xlsr_linear_asv19_attack_matrix,asvspoof2019_la,xlsr_linear,0.04000000000000002,0.9917984375000001,0.96,0.29624999999999996,0.2982084061431244,0.14408381001655812,0.38633105329065254,1600.0
runs,xlsr_linear_asv19_sweep,asvspoof2019_la,,,,,,,,,
runs,xlsr_linear_asv21_sweep,asvspoof2021_la,,,,,,,,,
runs,xlsr_linear_itw_sweep,in_the_wild,,,,,,,,,
runs,xlsr_mamba_asv19_attack,asvspoof2019_la,xlsr_mamba,0.0018749999999999735,0.9999875,0.99812382739212,0.0037500000000000315,0.023795156912485408,0.0042856569916391385,0.09640145336462283,1600.0
runs,xlsr_mamba_asv19_attack_matrix,asvspoof2019_la,xlsr_mamba,0.0018749999999999735,0.9999875,0.99812382739212,0.0037500000000000315,0.023795157159640774,0.0042856569916391385,0.09640144298051512,1600.0
runs,xlsr_mamba_asv19_sweep,asvspoof2019_la,,,,,,,,,
runs,xlsr_mamba_asv21_sweep,asvspoof2021_la,,,,,,,,,
runs,xlsr_mamba_itw_sweep,in_the_wild,,,,,,,,,
runs_asv5,aasist3_asv5,asvspoof5,aasist3_kan,0.27949999999999997,0.7930351319444444,0.8048593171821545,0.9829583333333333,4.862418992886122,1.0404852676920542,0.9999929437578289,30000.0
runs_asv5,aasist_asv5,asvspoof5,aasist,0.30364583333333334,0.7715957395833332,0.7858469495709416,0.9616666666666666,2.552634058476114,1.0761790283320956,0.9931554559001748,30000.0
runs_asv5,nes2net_asv5,asvspoof5,nes2net,0.022187500000000027,0.9968726145833333,0.9860084033613445,0.07887499999999996,0.4415782466951111,0.10900087964335411,0.017490470951501913,30000.0
runs_asv5,nes2net_v2_asv5,asvspoof5,nes2net_v2,0.028187499999999973,0.9873365208333333,0.9821864735113283,0.3805,0.28092763487826705,0.16578966171860243,0.9898214632948406,30000.0
runs_asv5,rawnet2_asv5,asvspoof5,rawnet2,0.4015208333333333,0.6321372638888889,0.70455214362798,0.9972083333333334,7.334267275363747,1.2587813395550687,0.9999882649459365,30000.0
runs_asv5,reference_asv5,asvspoof5,reference_lfcc_logreg,0.3362708333333333,0.7337911736111111,0.7595413478271235,0.9545,2.253636765207473,1.1192493975697686,0.47195742984463923,30000.0
runs_asv5,spectra_aasist3_asv5,asvspoof5,spectra_aasist3,0.019020833333333313,0.9965619583333334,0.9880185492162746,0.18633333333333335,0.2606166825123611,0.0963493139190822,0.004978374365786454,30000.0
runs_asv5,ssl_aasist_asv5,asvspoof5,ssl_aasist,0.07139583333333331,0.9707966944444444,0.9541241196240875,0.2533333333333333,4.2499752479306085,0.3410714777748529,0.9999823269646808,30000.0
runs_asv5,wavlm_linear_asv5,asvspoof5,wavlm_linear,0.13237499999999996,0.9401559652777777,0.9129252893721501,0.5916666666666667,1.5110899749301103,0.5771832907001094,0.9916750778811614,30000.0
runs_asv5,xlsr_linear_asv5,asvspoof5,xlsr_linear,0.1619166666666667,0.9165690312500001,0.8922995031937544,0.7240416666666667,0.8050723333229228,0.6845852061441782,0.7961900025400813,30000.0
runs_asv5,xlsr_mamba_asv5,asvspoof5,xlsr_mamba,0.04689583333333333,0.9857875555555556,0.970140391059083,0.18254166666666669,1.2148926046281567,0.23378038184818375,0.9747897259216902,30000.0
runs_asv5b,aasist_asv5_asv5,asvspoof5,aasist_asv5,0.22862500000000002,0.8449616458333333,0.8437314861231372,0.7643333333333333,7.14533196575372,0.8793257382922373,3.576576798901412e-08,30000.0
runs_blackbox,aasist_asv19_blackbox,asvspoof2019_la,aasist,0.005,0.9994,0.9950248756218906,0.06000000000000005,0.12931179358877606,0.02070993945179203,0.04890542300852883,200.0
runs_blackbox,rawnet2_asv19_blackbox,asvspoof2019_la,rawnet2,0.02500000000000001,0.9924,0.9751243781094527,0.08999999999999997,0.27554807908021695,0.089569947967182,0.09404003400590633,200.0
runs_defence,aasist3_asv19_defence,asvspoof2019_la,aasist3_kan,0.16125,0.9087781249999998,0.83875,0.6800000000000002,3.67394096239473,0.5241125451160695,0.9999780768048824,1600.0
runs_defence,aasist_asv19_defence,asvspoof2019_la,aasist,0.006249999999999989,0.999746875,0.99375,0.036250000000000004,0.10348743772282668,0.02211376833873819,0.031702239478255866,1600.0
runs_defence,nes2net_v2_asv19_defence,asvspoof2019_la,nes2net_v2,0.0,1.0,1.0,0.0,0.01645384918385807,1.4426957622577083e-06,0.02424666945611736,1600.0
runs_defence,ssl_aasist_asv19_defence,asvspoof2019_la,ssl_aasist,0.0012499999999999868,0.99993125,0.99875,0.0037500000000000315,0.017010452145840585,0.005984269038400177,0.04330317852617276,1600.0
runs_defence,xlsr_linear_asv19_defence,asvspoof2019_la,xlsr_linear,0.04000000000000002,0.9917984375000001,0.96,0.29624999999999996,0.2982084061431244,0.14408381001655812,0.38633105329065254,1600.0
runs_defence,xlsr_mamba_asv19_defence,asvspoof2019_la,xlsr_mamba,0.0018749999999999735,0.9999875,0.99812382739212,0.0037500000000000315,0.02379515706999935,0.0042856569916391385,0.09640144298051512,1600.0
runs_defence_noise,aasist3_asv19_defence,asvspoof2019_la,aasist3_kan,0.16125,0.9087781249999998,0.83875,0.6800000000000002,3.67394096239473,0.5241125451160695,0.9999780768048824,1600.0
runs_defence_noise,aasist_asv19_defence,asvspoof2019_la,aasist,0.006249999999999989,0.999746875,0.99375,0.036250000000000004,0.10348743772282668,0.02211376833873819,0.031702239478255866,1600.0
runs_defence_noise,nes2net_v2_asv19_defence,asvspoof2019_la,nes2net_v2,0.0,1.0,1.0,0.0,0.01645384918385807,1.4426957622577083e-06,0.02424666945611736,1600.0
runs_defence_noise,ssl_aasist_asv19_defence,asvspoof2019_la,ssl_aasist,0.0012499999999999868,0.99993125,0.99875,0.0037500000000000315,0.017010452145840585,0.005984269038400177,0.04330317852617276,1600.0
runs_defence_noise,xlsr_linear_asv19_defence,asvspoof2019_la,xlsr_linear,0.04000000000000002,0.9917984375000001,0.96,0.29624999999999996,0.2982084061431244,0.14408381001655812,0.38633105329065254,1600.0
runs_defence_noise,xlsr_mamba_asv19_defence,asvspoof2019_la,xlsr_mamba,0.0018749999999999735,0.9999875,0.99812382739212,0.0037500000000000315,0.023795156942332467,0.0042856569916391385,0.09640145336462283,1600.0
runs_diag,aasist_asv19_warm,asvspoof2019_la,aasist,0.005,0.9994,0.9950248756218906,0.06000000000000005,0.12931179358877606,0.02070993945179203,0.04890542300852883,200.0
runs_diag,nes2net_v2_asv19_margin,asvspoof2019_la,nes2net_v2,0.0,1.0,1.0,0.0,0.017401511425968342,1.4426957622577083e-06,0.13949329679442526,200.0
runs_diag,nes2net_v2_asv19_warm,asvspoof2019_la,nes2net_v2,0.0,1.0,1.0,0.0,0.017401511425968342,1.4426957622577083e-06,0.13949329679442526,200.0
runs_diag,rawnet2_asv19_warm,asvspoof2019_la,rawnet2,0.02500000000000001,0.9924,0.9751243781094527,0.08999999999999997,0.27554807908021695,0.089569947967182,0.09404003400590633,200.0
runs_diag,ssl_aasist_asv19_margin,asvspoof2019_la,ssl_aasist,0.0,1.0,1.0,0.0,0.0005352147128876853,1.4426957622577083e-06,0.9572248887546622,200.0
runs_diag,ssl_aasist_asv19_warm,asvspoof2019_la,ssl_aasist,0.0,1.0,1.0,0.0,0.0005352147128876853,1.4426957622577083e-06,0.9572248887546622,200.0
runs_diag,xlsr_mamba_asv19_warm,asvspoof2019_la,xlsr_mamba,0.0,1.0,1.0,0.0,0.0038513758240569435,1.4426957622577083e-06,0.9114187390367463,200.0
runs_eot,ssl_aasist_asv19_eot,asvspoof2019_la,ssl_aasist,0.0012499999999999868,0.99993125,0.99875,0.0037500000000000315,0.017010452145840585,0.005984269038400177,0.04330317852617276,1600.0
runs_eot,xlsr_mamba_asv19_eot,asvspoof2019_la,xlsr_mamba,0.0018749999999999735,0.9999875,0.99812382739212,0.0037500000000000315,0.023795156912485408,0.0042856569916391385,0.09640145336462283,1600.0
runs_eot30_ssl_aasist,ssl_aasist_asv19_eot30,asvspoof2019_la,ssl_aasist,0.0012499999999999868,0.99993125,0.99875,0.0037500000000000315,0.017010452145840585,0.005984269038400177,0.04330317852617276,1600.0
runs_eot30_xlsr_mamba,xlsr_mamba_asv19_eot30,asvspoof2019_la,xlsr_mamba,0.0018749999999999735,0.9999875,0.99812382739212,0.0037500000000000315,0.023795157064651833,0.0042856569916391385,0.09640146374873154,1600.0
runs_fine,aasist3_asv19_attack_fine,asvspoof2019_la,aasist3_kan,0.16125,0.9087781249999998,0.83875,0.6800000000000002,3.67394096239473,0.5241125451160695,0.9999780768048824,1600.0
runs_fine,aasist_asv19_attack_fine,asvspoof2019_la,aasist,0.006249999999999989,0.999746875,0.99375,0.036250000000000004,0.10348743772282673,0.02211376833873819,0.0317022394782558,1600.0
runs_fine,aasist_asv21_attack,asvspoof2021_la,aasist,0.14937500000000004,0.9127296874999999,0.8507183010618363,1.0,1.5858454181122503,0.4464828079308577,0.9987142902024744,1600.0
runs_fine,aasist_itw_attack,in_the_wild,aasist,0.4525,0.5616140625,0.5475,0.99875,2.478701229365443,0.9468096179122953,0.7719185649558026,1600.0
runs_fine,nes2net_asv19_attack_fine,asvspoof2019_la,nes2net,0.16562500000000002,0.9051515625,0.8344784509681449,0.42249999999999993,1.8510420232655918,0.4704388679592709,0.013240440907237284,1600.0
runs_fine,nes2net_asv21_attack,asvspoof2021_la,nes2net,0.16749999999999998,0.9038875,0.8325,0.7299999999999999,1.8270743719799953,0.5359367475101962,0.017535563456147173,1600.0
runs_fine,nes2net_itw_attack,in_the_wild,nes2net,0.20125000000000004,0.8813937500000001,0.79875,0.85375,1.9470082994469975,0.6013563075136628,0.01784881368143398,1600.0
runs_fine,nes2net_v2_asv19_attack_fine,asvspoof2019_la,nes2net_v2,0.0,1.0,1.0,0.0,0.01645384918385807,1.4426957622577083e-06,0.02424666945611736,1600.0
runs_fine,nes2net_v2_asv21_attack,asvspoof2021_la,nes2net_v2,0.06374999999999999,0.966115625,0.93625,0.99,0.5477599581248382,0.22597589989582562,0.9986122563676407,1600.0
runs_fine,nes2net_v2_itw_attack,in_the_wild,nes2net_v2,0.079375,0.9616390625,0.9206745783885072,0.8449999999999999,1.0497545155106347,0.31234032251094845,0.9975968160000922,1600.0
runs_fine,rawnet2_asv19_attack_fine,asvspoof2019_la,rawnet2,0.046250000000000006,0.9908921875,0.95375,0.18750000000000003,0.418382074719169,0.15618079125492484,0.00944781259330586,1600.0
runs_fine,spectra_aasist3_asv19_attack_fine,asvspoof2019_la,spectra_aasist3,0.006874999999999989,0.9948703125,0.9931292941911305,0.14874999999999994,0.08221643033858309,0.041164486129317265,0.8338180453607489,1600.0
runs_fine,ssl_aasist_asv19_attack_fine,asvspoof2019_la,ssl_aasist,0.0012499999999999868,0.99993125,0.99875,0.0037500000000000315,0.017010452145840585,0.005984269038400177,0.04330317852617276,1600.0
runs_fine,ssl_aasist_asv21_attack,asvspoof2021_la,ssl_aasist,0.074375,0.9800421875,0.9256714553404123,0.6174999999999999,0.8371553966088396,0.20348370245836042,0.9999468036650075,1600.0
runs_fine,ssl_aasist_itw_attack,in_the_wild,ssl_aasist,0.11624999999999999,0.9535625,0.88375,0.5675,1.8892317795829576,0.37744550877077976,0.999485548722639,1600.0
runs_fine,wavlm_linear_asv19_attack_fine,asvspoof2019_la,wavlm_linear,0.027499999999999983,0.9959296875,0.9725,0.10374999999999997,0.13702878822331488,0.09621229205589307,0.38560311475428133,1600.0
runs_fine,wavlm_linear_asv21_attack,asvspoof2021_la,wavlm_linear,0.16749999999999998,0.9166328125,0.8325,0.9362500000000001,1.165925254722291,0.5022219830447159,0.9738767336424778,1600.0
runs_fine,wavlm_linear_itw_attack,in_the_wild,wavlm_linear,0.20187500000000003,0.8691468750000001,0.7982510930668333,0.98,3.291539387758175,0.6365081423717853,0.998931563709591,1600.0
runs_fine,xlsr_linear_asv19_attack_fine,asvspoof2019_la,xlsr_linear,0.04000000000000002,0.9917984375000001,0.96,0.29624999999999996,0.2982084061431244,0.14408381001655812,0.38633105329065254,1600.0
runs_fine,xlsr_linear_asv21_attack,asvspoof2021_la,xlsr_linear,0.15437500000000004,0.9168343749999999,0.8457214241099313,0.93375,0.6916982853299068,0.5025006383475066,0.7787231053792094,1600.0
runs_fine,xlsr_linear_itw_attack,in_the_wild,xlsr_linear,0.27249999999999996,0.8066171875,0.7275,0.97,1.4864862132496113,0.7556515216819883,0.914934046276122,1600.0
runs_fine,xlsr_mamba_asv19_attack_fine,asvspoof2019_la,xlsr_mamba,0.0018749999999999735,0.9999875,0.99812382739212,0.0037500000000000315,0.023795157159640774,0.0042856569916391385,0.09640144298051512,1600.0
runs_fine,xlsr_mamba_asv21_attack,asvspoof2021_la,xlsr_mamba,0.05500000000000001,0.9897484375,0.9449311639549437,0.39249999999999996,0.3548166946635054,0.1604754742914823,0.9845520474921923,1600.0
runs_fine,xlsr_mamba_itw_attack,in_the_wild,xlsr_mamba,0.068125,0.976971875,0.9319175515302935,0.45999999999999996,1.6708370292311245,0.2537672246726762,0.9980381690547012,1600.0
runs_large,large_asv19_sweep,asvspoof2019_la,,,,,,,,,
runs_large,large_asv21_sweep,asvspoof2021_la,,,,,,,,,
runs_large,large_itw_sweep,in_the_wild,,,,,,,,,
runs_probes,hubert_linear_itw_attack,in_the_wild,hubert_linear,0.23562499999999997,0.8183890625,0.7645221736414741,1.0,4.004812810322829,0.7313251669455174,0.9996489893223824,1600.0
runs_probes,hubert_mlp_itw_attack,in_the_wild,hubert_mlp,0.20937499999999998,0.84529765625,0.7907557776389756,1.0,7.332080636614117,0.6809487128772731,0.9999999999996907,1600.0
runs_probes,w2v2lv60_linear_itw_attack,in_the_wild,w2v2lv60_linear,0.42625,0.6041484375,0.57375,0.9975,0.9820967753569012,0.9629076368171006,0.515170781384287,1600.0
runs_probes,w2v2lv60_mlp_itw_attack,in_the_wild,w2v2lv60_mlp,0.4275,0.6032578125,0.5725,0.99875,0.9830705416429231,0.9643574176095762,0.5288973779528446,1600.0
runs_probes,wavlmbase_linear_itw_attack,in_the_wild,wavlmbase_linear,0.27249999999999996,0.7898015625000001,0.7275,0.99875,2.4788666228314677,0.7525371669698029,0.9857949188764619,1600.0
runs_probes,wavlmbase_mlp_itw_attack,in_the_wild,wavlmbase_mlp,0.26125,0.8024343749999998,0.73875,1.0,6.282295255879338,0.7547571471007225,0.9999999861589213,1600.0
runs_seeds,nes2net_to_probes,asvspoof2019_la,nes2net,0.14500000000000002,0.9065,0.8542713567839196,0.3199999999999999,1.8127390544601425,0.43003943997633065,0.013555803431282622,200.0
runs_seeds,ssl_aasist_to_probes,asvspoof2019_la,ssl_aasist,0.0,1.0,1.0,0.0,0.0005352147128876853,1.4426957622577083e-06,0.9572248887546622,200.0
runs_seeds,wavlm_linear_s2_threshold,asvspoof2019_la,wavlm_linear_s2,0.02000000000000001,0.9925,0.98,0.06999999999999995,0.1585049082247727,0.08780882033420366,0.354140842785073,200.0
runs_seeds,wavlm_linear_s2_transfer,asvspoof2019_la,wavlm_linear_s2,0.02000000000000001,0.9925,0.98,0.06999999999999995,0.1585049082247727,0.08780882033420366,0.354140842785073,200.0
runs_seeds,wavlm_linear_s3_threshold,asvspoof2019_la,wavlm_linear_s3,0.02000000000000001,0.9926,0.98,0.06000000000000005,0.15801864976259788,0.08555665388236187,0.3874312587965346,200.0
runs_seeds,wavlm_linear_s3_transfer,asvspoof2019_la,wavlm_linear_s3,0.02000000000000001,0.9926,0.98,0.06000000000000005,0.15801864976259788,0.08555665388236187,0.3874312587965346,200.0
runs_seeds,wavlm_linear_s4_threshold,asvspoof2019_la,wavlm_linear_s4,0.02000000000000001,0.9927,0.98,0.06000000000000005,0.15936435178268588,0.08571896801588982,0.3609076338893055,200.0
runs_seeds,wavlm_linear_s4_transfer,asvspoof2019_la,wavlm_linear_s4,0.02000000000000001,0.9927,0.98,0.06000000000000005,0.15936435178268588,0.08571896801588982,0.3609076338893055,200.0
runs_seeds,wavlm_linear_transfer,asvspoof2019_la,wavlm_linear,0.02000000000000001,0.9927,0.98,0.06000000000000005,0.16011856197283364,0.08571896801588982,0.3513422388053714,200.0
runs_seeds,xlsr_linear_s2_threshold,asvspoof2019_la,xlsr_linear_s2,0.03500000000000002,0.9946,0.9651741293532339,0.25999999999999995,0.3000345022164385,0.09049253093028461,0.3802124888186421,200.0
runs_seeds,xlsr_linear_s2_transfer,asvspoof2019_la,xlsr_linear_s2,0.03500000000000002,0.9946,0.9651741293532339,0.25999999999999995,0.3000345022164385,0.09049253093028461,0.3802124888186421,200.0
runs_seeds,xlsr_linear_s3_threshold,asvspoof2019_la,xlsr_linear_s3,0.03500000000000002,0.9947999999999999,0.9651741293532339,0.25000000000000006,0.2933857090920063,0.08578162475474564,0.4011894519485031,200.0
runs_seeds,xlsr_linear_s3_transfer,asvspoof2019_la,xlsr_linear_s3,0.03500000000000002,0.9947999999999999,0.9651741293532339,0.25000000000000006,0.2933857090920063,0.08578162475474564,0.4011894519485031,200.0
runs_seeds,xlsr_linear_s4_threshold,asvspoof2019_la,xlsr_linear_s4,0.03500000000000002,0.9947999999999999,0.9651741293532339,0.25000000000000006,0.28994317850895224,0.08578162475474564,0.44230532146023227,200.0
runs_seeds,xlsr_linear_s4_transfer,asvspoof2019_la,xlsr_linear_s4,0.03500000000000002,0.9947999999999999,0.9651741293532339,0.25000000000000006,0.28994317850895224,0.08578162475474564,0.44230532146023227,200.0
runs_seeds,xlsr_linear_transfer,asvspoof2019_la,xlsr_linear,0.03500000000000002,0.9948999999999999,0.9651741293532339,0.25000000000000006,0.2950718933869465,0.0855239530587874,0.40449356538530873,200.0
runs_spectrafix,spectra_asv19_attack_fine,asvspoof2019_la,spectra_aasist3,0.006874999999999989,0.9949234374999999,0.9931292941911305,0.14874999999999994,0.08211988783206062,0.04099998252111259,0.8338180453607489,1600.0
runs_spectrafix,spectra_asv19_attack_matrix,asvspoof2019_la,spectra_aasist3,0.006874999999999989,0.9949234374999999,0.9931292941911305,0.14874999999999994,0.08211988783206062,0.04099998252111259,0.8338180453607489,1600.0
runs_strength,aasist_asv19_strength,asvspoof2019_la,aasist,0.005,0.9994,0.9950248756218906,0.06000000000000005,0.12931179358877606,0.02070993945179203,0.04890542300852883,200.0
runs_strength,nes2net_v2_asv19_strength,asvspoof2019_la,nes2net_v2,0.0,1.0,1.0,0.0,0.017401511425968342,1.4426957622577083e-06,0.13949329679442526,200.0
runs_strength,nes2net_v2_asv19_threshold,asvspoof2019_la,nes2net_v2,0.0,1.0,1.0,0.0,0.017401511425968342,1.4426957622577083e-06,0.13949329679442526,200.0
runs_strength,rawnet2_asv19_strength,asvspoof2019_la,rawnet2,0.02500000000000001,0.9924,0.9751243781094527,0.08999999999999997,0.27554807908021695,0.089569947967182,0.09404003400590633,200.0
runs_strength,spectra_asv19_strength,asvspoof2019_la,spectra_aasist3,0.0,1.0,1.0,0.0,0.01593208505017696,1.4426957622577083e-06,0.9357035566429935,200.0
runs_strength,ssl_aasist_asv19_strength,asvspoof2019_la,ssl_aasist,0.0,1.0,1.0,0.0,0.0005352147128876853,1.4426957622577083e-06,0.9572248887546622,200.0
runs_strength,ssl_aasist_asv19_threshold,asvspoof2019_la,ssl_aasist,0.0,1.0,1.0,0.0,0.0005352147128876853,1.4426957622577083e-06,0.9572248887546622,200.0
runs_strength,wavlm_linear_asv19_threshold,asvspoof2019_la,wavlm_linear,0.02000000000000001,0.9927,0.98,0.06000000000000005,0.16011856197283364,0.08571896801588982,0.3513422388053714,200.0
runs_strength,xlsr_linear_asv19_strength,asvspoof2019_la,xlsr_linear,0.03500000000000002,0.9948999999999999,0.9651741293532339,0.25000000000000006,0.2950718933869465,0.0855239530587874,0.40449356538530873,200.0
runs_strength,xlsr_linear_asv19_threshold,asvspoof2019_la,xlsr_linear,0.03500000000000002,0.9948999999999999,0.9651741293532339,0.25000000000000006,0.2950718933869465,0.0855239530587874,0.40449356538530873,200.0
runs_strength,xlsr_mamba_asv19_strength,asvspoof2019_la,xlsr_mamba,0.0,1.0,1.0,0.0,0.0038513759211964457,1.4426957622577083e-06,0.9114187390367463,200.0
runs_strength,xlsr_mamba_asv19_threshold,asvspoof2019_la,xlsr_mamba,0.0,1.0,1.0,0.0,0.0038513758240569435,1.4426957622577083e-06,0.9114187390367463,200.0
