run_group,run,dataset,defence,distortion_type,level,eer_attacked,asr_attacked,eer_defended,asr_defended,cllr_defended,delta_eer_defended,eer_clean_defended,defence_cost_eer,model_name
runs_defence,aasist3_asv19_defence,asvspoof2019_la,mp3_64,pgd,10.0,1.0,0.9716840536512668,1.0,0.9970193740685545,11.161983375171609,0.83875,0.258125,0.096875,aasist3_kan
runs_defence,aasist3_asv19_defence,asvspoof2019_la,mp3_64,pgd,20.0,1.0,0.9970193740685545,0.99875,0.9985096870342772,11.09442989923434,0.8375,0.258125,0.096875,aasist3_kan
runs_defence,aasist3_asv19_defence,asvspoof2019_la,mp3_64,pgd,30.0,1.0,0.9985096870342772,0.996875,0.9843517138599106,10.74630713392888,0.835625,0.258125,0.096875,aasist3_kan
runs_defence,aasist3_asv19_defence,asvspoof2019_la,mp3_64,pgd,40.0,1.0,1.0,0.93875,0.8986587183308494,10.107728916106746,0.7775,0.258125,0.096875,aasist3_kan
runs_defence,aasist3_asv19_defence,asvspoof2019_la,bandpass_4k,pgd,10.0,1.0,0.9716840536512668,0.980625,0.9582712369597616,10.146929985359446,0.819375,0.285,0.12375,aasist3_kan
runs_defence,aasist3_asv19_defence,asvspoof2019_la,bandpass_4k,pgd,20.0,1.0,0.9970193740685545,0.8725,0.8502235469448585,9.616460447800932,0.71125,0.285,0.12375,aasist3_kan
runs_defence,aasist3_asv19_defence,asvspoof2019_la,bandpass_4k,pgd,30.0,1.0,0.9985096870342772,0.56,0.511177347242921,6.3100155300948195,0.39875,0.285,0.12375,aasist3_kan
runs_defence,aasist3_asv19_defence,asvspoof2019_la,bandpass_4k,pgd,40.0,1.0,1.0,0.40625,0.3688524590163934,7.06820719081314,0.245,0.285,0.12375,aasist3_kan
runs_defence,aasist3_asv19_defence,asvspoof2019_la,encodec_24,pgd,10.0,1.0,0.9716840536512668,0.914375,0.8994038748137109,9.441210803907618,0.753125,0.285,0.12375,aasist3_kan
runs_defence,aasist3_asv19_defence,asvspoof2019_la,encodec_24,pgd,20.0,1.0,0.9970193740685545,0.935625,0.9269746646795828,9.911745397935002,0.774375,0.285,0.12375,aasist3_kan
runs_defence,aasist3_asv19_defence,asvspoof2019_la,encodec_24,pgd,30.0,1.0,0.9985096870342772,0.921875,0.9076005961251864,10.12124749098182,0.760625,0.285,0.12375,aasist3_kan
runs_defence,aasist3_asv19_defence,asvspoof2019_la,encodec_24,pgd,40.0,1.0,1.0,0.60375,0.5461997019374069,9.2550652438674,0.4425,0.285,0.12375,aasist3_kan
runs_defence,aasist3_asv19_defence,asvspoof2019_la,noise_60db,pgd,10.0,1.0,0.9716840536512668,1.0,0.9716840536512668,11.701549172022144,0.83875,0.165625,0.004375,aasist3_kan
runs_defence,aasist3_asv19_defence,asvspoof2019_la,noise_60db,pgd,20.0,1.0,0.9970193740685545,1.0,0.9970193740685545,11.776516421054996,0.83875,0.165625,0.004375,aasist3_kan
runs_defence,aasist3_asv19_defence,asvspoof2019_la,noise_60db,pgd,30.0,1.0,0.9985096870342772,1.0,0.9985096870342772,11.84680825720094,0.83875,0.165625,0.004375,aasist3_kan
runs_defence,aasist3_asv19_defence,asvspoof2019_la,noise_60db,pgd,40.0,1.0,1.0,1.0,1.0,12.102900241641896,0.83875,0.165625,0.004375,aasist3_kan
runs_defence,aasist_asv19_defence,asvspoof2019_la,mp3_64,pgd,10.0,1.0,0.930188679245283,1.0,0.930188679245283,18.554279223250987,0.99375,0.0068749999999999,0.0006249999999999,aasist
runs_defence,aasist_asv19_defence,asvspoof2019_la,mp3_64,pgd,20.0,0.999375,0.9773584905660376,0.99875,0.9773584905660376,19.204865465064863,0.9925,0.0068749999999999,0.0006249999999999,aasist
runs_defence,aasist_asv19_defence,asvspoof2019_la,mp3_64,pgd,30.0,0.995,0.9660377358490566,0.985,0.9566037735849056,16.712188128215278,0.97875,0.0068749999999999,0.0006249999999999,aasist
runs_defence,aasist_asv19_defence,asvspoof2019_la,mp3_64,pgd,40.0,0.735,0.7264150943396226,0.578125,0.5823899371069182,4.461132748698997,0.571875,0.0068749999999999,0.0006249999999999,aasist
runs_defence,aasist_asv19_defence,asvspoof2019_la,bandpass_4k,pgd,10.0,1.0,0.930188679245283,0.99875,0.9238993710691824,16.381803076552423,0.9925,0.0381249999999999,0.031875,aasist
runs_defence,aasist_asv19_defence,asvspoof2019_la,bandpass_4k,pgd,20.0,0.999375,0.9773584905660376,0.9775,0.9270440251572328,15.549272249919564,0.97125,0.0381249999999999,0.031875,aasist
runs_defence,aasist_asv19_defence,asvspoof2019_la,bandpass_4k,pgd,30.0,0.995,0.9660377358490566,0.6531250000000001,0.6723270440251572,5.707255752149216,0.6468750000000001,0.0381249999999999,0.031875,aasist
runs_defence,aasist_asv19_defence,asvspoof2019_la,bandpass_4k,pgd,40.0,0.735,0.7264150943396226,0.1899999999999999,0.1893081761006289,1.1161544050252576,0.18375,0.0381249999999999,0.031875,aasist
runs_defence,aasist_asv19_defence,asvspoof2019_la,encodec_24,pgd,10.0,1.0,0.930188679245283,0.99875,0.8459119496855346,13.156666845443985,0.9925,0.0162499999999999,0.01,aasist
runs_defence,aasist_asv19_defence,asvspoof2019_la,encodec_24,pgd,20.0,0.999375,0.9773584905660376,0.925,0.720125786163522,9.538648546548425,0.91875,0.0162499999999999,0.01,aasist
runs_defence,aasist_asv19_defence,asvspoof2019_la,encodec_24,pgd,30.0,0.995,0.9660377358490566,0.2681249999999999,0.2962264150943396,1.641340371883056,0.2618749999999999,0.0162499999999999,0.01,aasist
runs_defence,aasist_asv19_defence,asvspoof2019_la,encodec_24,pgd,40.0,0.735,0.7264150943396226,0.05625,0.0496855345911949,0.4427792372749016,0.05,0.0162499999999999,0.01,aasist
runs_defence,aasist_asv19_defence,asvspoof2019_la,noise_60db,pgd,10.0,1.0,0.930188679245283,1.0,0.930188679245283,18.588954980058816,0.99375,0.0062499999999999,0.0,aasist
runs_defence,aasist_asv19_defence,asvspoof2019_la,noise_60db,pgd,20.0,0.999375,0.9773584905660376,0.999375,0.9773584905660376,19.293748028002778,0.993125,0.0062499999999999,0.0,aasist
runs_defence,aasist_asv19_defence,asvspoof2019_la,noise_60db,pgd,30.0,0.995,0.9660377358490566,0.996875,0.9660377358490566,17.593161470595433,0.990625,0.0062499999999999,0.0,aasist
runs_defence,aasist_asv19_defence,asvspoof2019_la,noise_60db,pgd,40.0,0.735,0.7264150943396226,0.730625,0.7251572327044025,6.689634574046433,0.724375,0.0062499999999999,0.0,aasist
runs_defence,nes2net_v2_asv19_defence,asvspoof2019_la,mp3_64,pgd,10.0,0.836875,0.834375,0.8868750000000001,0.831875,15.09687879990667,0.8868750000000001,0.0,0.0,nes2net_v2
runs_defence,nes2net_v2_asv19_defence,asvspoof2019_la,mp3_64,pgd,20.0,0.964375,0.783125,0.939375,0.768125,12.388286262495686,0.939375,0.0,0.0,nes2net_v2
runs_defence,nes2net_v2_asv19_defence,asvspoof2019_la,mp3_64,pgd,30.0,0.906875,0.744375,0.766875,0.71,9.103386804277651,0.766875,0.0,0.0,nes2net_v2
runs_defence,nes2net_v2_asv19_defence,asvspoof2019_la,mp3_64,pgd,40.0,0.610625,0.56875,0.42,0.5075,4.745212147004866,0.42,0.0,0.0,nes2net_v2
runs_defence,nes2net_v2_asv19_defence,asvspoof2019_la,bandpass_4k,pgd,10.0,0.836875,0.834375,0.828125,0.80125,11.895157506578403,0.828125,0.0012499999999999,0.0012499999999999,nes2net_v2
runs_defence,nes2net_v2_asv19_defence,asvspoof2019_la,bandpass_4k,pgd,20.0,0.964375,0.783125,0.618125,0.66,6.912526707039595,0.618125,0.0012499999999999,0.0012499999999999,nes2net_v2
runs_defence,nes2net_v2_asv19_defence,asvspoof2019_la,bandpass_4k,pgd,30.0,0.906875,0.744375,0.3625,0.458125,2.7251476191543538,0.3625,0.0012499999999999,0.0012499999999999,nes2net_v2
runs_defence,nes2net_v2_asv19_defence,asvspoof2019_la,bandpass_4k,pgd,40.0,0.610625,0.56875,0.169375,0.29,1.096177654423131,0.169375,0.0012499999999999,0.0012499999999999,nes2net_v2
runs_defence,nes2net_v2_asv19_defence,asvspoof2019_la,encodec_24,pgd,10.0,0.836875,0.834375,0.8525,0.755625,12.141538997588302,0.8525,0.0006249999999999,0.0006249999999999,nes2net_v2
runs_defence,nes2net_v2_asv19_defence,asvspoof2019_la,encodec_24,pgd,20.0,0.964375,0.783125,0.8,0.614375,7.770835565696041,0.8,0.0006249999999999,0.0006249999999999,nes2net_v2
runs_defence,nes2net_v2_asv19_defence,asvspoof2019_la,encodec_24,pgd,30.0,0.906875,0.744375,0.556875,0.4975,4.66395019215251,0.556875,0.0006249999999999,0.0006249999999999,nes2net_v2
runs_defence,nes2net_v2_asv19_defence,asvspoof2019_la,encodec_24,pgd,40.0,0.610625,0.56875,0.12875,0.278125,1.269077979023965,0.12875,0.0006249999999999,0.0006249999999999,nes2net_v2
runs_defence,nes2net_v2_asv19_defence,asvspoof2019_la,noise_60db,pgd,10.0,0.836875,0.834375,0.838125,0.834375,15.584184203463709,0.838125,0.0012499999999999,0.0012499999999999,nes2net_v2
runs_defence,nes2net_v2_asv19_defence,asvspoof2019_la,noise_60db,pgd,20.0,0.964375,0.783125,0.965,0.783125,14.008328846920309,0.965,0.0012499999999999,0.0012499999999999,nes2net_v2
runs_defence,nes2net_v2_asv19_defence,asvspoof2019_la,noise_60db,pgd,30.0,0.906875,0.744375,0.928125,0.74375,11.602094391277252,0.928125,0.0012499999999999,0.0012499999999999,nes2net_v2
runs_defence,nes2net_v2_asv19_defence,asvspoof2019_la,noise_60db,pgd,40.0,0.610625,0.56875,0.605625,0.56875,7.136559340688142,0.605625,0.0012499999999999,0.0012499999999999,nes2net_v2
runs_defence,ssl_aasist_asv19_defence,asvspoof2019_la,mp3_64,pgd,10.0,1.0,0.9993742177722152,1.0,1.0,19.8048230406378,0.99875,0.0012499999999999,0.0,ssl_aasist
runs_defence,ssl_aasist_asv19_defence,asvspoof2019_la,mp3_64,pgd,20.0,0.99875,0.981226533166458,0.99875,0.9624530663329162,18.18313908998058,0.9975,0.0012499999999999,0.0,ssl_aasist
runs_defence,ssl_aasist_asv19_defence,asvspoof2019_la,mp3_64,pgd,30.0,0.995,0.8948685857321652,0.980625,0.8310387984981227,15.041108326965842,0.979375,0.0012499999999999,0.0,ssl_aasist
runs_defence,ssl_aasist_asv19_defence,asvspoof2019_la,mp3_64,pgd,40.0,0.945,0.7165206508135169,0.8487499999999999,0.630162703379224,10.926453208347228,0.8474999999999999,0.0012499999999999,0.0,ssl_aasist
runs_defence,ssl_aasist_asv19_defence,asvspoof2019_la,bandpass_4k,pgd,10.0,1.0,0.9993742177722152,0.999375,0.9499374217772216,16.958400651602727,0.998125,0.0012499999999999,0.0,ssl_aasist
runs_defence,ssl_aasist_asv19_defence,asvspoof2019_la,bandpass_4k,pgd,20.0,0.99875,0.981226533166458,0.956875,0.8172715894868585,13.747780416261476,0.955625,0.0012499999999999,0.0,ssl_aasist
runs_defence,ssl_aasist_asv19_defence,asvspoof2019_la,bandpass_4k,pgd,30.0,0.995,0.8948685857321652,0.806875,0.5926157697121401,9.172706128497254,0.805625,0.0012499999999999,0.0,ssl_aasist
runs_defence,ssl_aasist_asv19_defence,asvspoof2019_la,bandpass_4k,pgd,40.0,0.945,0.7165206508135169,0.423125,0.4981226533166458,4.948026407454263,0.421875,0.0012499999999999,0.0,ssl_aasist
runs_defence,ssl_aasist_asv19_defence,asvspoof2019_la,encodec_24,pgd,10.0,1.0,0.9993742177722152,0.99375,0.8979974968710889,15.707647235176845,0.9925,0.0012499999999999,0.0,ssl_aasist
runs_defence,ssl_aasist_asv19_defence,asvspoof2019_la,encodec_24,pgd,20.0,0.99875,0.981226533166458,0.95,0.6964956195244055,12.580900255639026,0.94875,0.0012499999999999,0.0,ssl_aasist
runs_defence,ssl_aasist_asv19_defence,asvspoof2019_la,encodec_24,pgd,30.0,0.995,0.8948685857321652,0.743125,0.5713391739674594,8.483220631981663,0.7418750000000001,0.0012499999999999,0.0,ssl_aasist
runs_defence,ssl_aasist_asv19_defence,asvspoof2019_la,encodec_24,pgd,40.0,0.945,0.7165206508135169,0.12375,0.3160200250312891,1.239194451920524,0.1225,0.0012499999999999,0.0,ssl_aasist
runs_defence,ssl_aasist_asv19_defence,asvspoof2019_la,noise_60db,pgd,10.0,1.0,0.9993742177722152,1.0,0.9993742177722152,19.876544898528746,0.99875,0.0012499999999999,0.0,ssl_aasist
runs_defence,ssl_aasist_asv19_defence,asvspoof2019_la,noise_60db,pgd,20.0,0.99875,0.981226533166458,0.99875,0.981226533166458,19.124051011887097,0.9975,0.0012499999999999,0.0,ssl_aasist
runs_defence,ssl_aasist_asv19_defence,asvspoof2019_la,noise_60db,pgd,30.0,0.995,0.8948685857321652,0.995,0.8948685857321652,16.650289938763116,0.99375,0.0012499999999999,0.0,ssl_aasist
runs_defence,ssl_aasist_asv19_defence,asvspoof2019_la,noise_60db,pgd,40.0,0.945,0.7165206508135169,0.94375,0.7165206508135169,13.072204669733768,0.9425,0.0012499999999999,0.0,ssl_aasist
runs_defence,xlsr_linear_asv19_defence,asvspoof2019_la,mp3_64,pgd,10.0,1.0,1.0,1.0,1.0,12.971331732687208,0.96,0.0418749999999999,0.0018749999999999,xlsr_linear
runs_defence,xlsr_linear_asv19_defence,asvspoof2019_la,mp3_64,pgd,20.0,1.0,1.0,1.0,0.9993489583333334,10.305793377727884,0.96,0.0418749999999999,0.0018749999999999,xlsr_linear
runs_defence,xlsr_linear_asv19_defence,asvspoof2019_la,mp3_64,pgd,30.0,1.0,0.9993489583333334,0.999375,0.990234375,6.343339495634372,0.959375,0.0418749999999999,0.0018749999999999,xlsr_linear
runs_defence,xlsr_linear_asv19_defence,asvspoof2019_la,mp3_64,pgd,40.0,0.999375,0.990234375,0.981875,0.8802083333333334,5.1539723725189575,0.941875,0.0418749999999999,0.0018749999999999,xlsr_linear
runs_defence,xlsr_linear_asv19_defence,asvspoof2019_la,bandpass_4k,pgd,10.0,1.0,1.0,0.999375,0.9954427083333334,8.128491382409251,0.959375,0.05375,0.0137499999999999,xlsr_linear
runs_defence,xlsr_linear_asv19_defence,asvspoof2019_la,bandpass_4k,pgd,20.0,1.0,1.0,0.999375,0.9856770833333334,6.254321635862294,0.959375,0.05375,0.0137499999999999,xlsr_linear
runs_defence,xlsr_linear_asv19_defence,asvspoof2019_la,bandpass_4k,pgd,30.0,1.0,0.9993489583333334,0.97125,0.8274739583333334,3.872390600159592,0.93125,0.05375,0.0137499999999999,xlsr_linear
runs_defence,xlsr_linear_asv19_defence,asvspoof2019_la,bandpass_4k,pgd,40.0,0.999375,0.990234375,0.820625,0.6015625,2.635083497544861,0.780625,0.05375,0.0137499999999999,xlsr_linear
runs_defence,xlsr_linear_asv19_defence,asvspoof2019_la,encodec_24,pgd,10.0,1.0,1.0,1.0,0.9973958333333334,9.053623407669482,0.96,0.051875,0.0118749999999999,xlsr_linear
runs_defence,xlsr_linear_asv19_defence,asvspoof2019_la,encodec_24,pgd,20.0,1.0,1.0,0.999375,0.9856770833333334,6.786516916151533,0.959375,0.051875,0.0118749999999999,xlsr_linear
runs_defence,xlsr_linear_asv19_defence,asvspoof2019_la,encodec_24,pgd,30.0,1.0,0.9993489583333334,0.97875,0.8893229166666666,3.867632099875137,0.93875,0.051875,0.0118749999999999,xlsr_linear
runs_defence,xlsr_linear_asv19_defence,asvspoof2019_la,encodec_24,pgd,40.0,0.999375,0.990234375,0.8075,0.6360677083333334,2.3624646031588528,0.7675,0.051875,0.0118749999999999,xlsr_linear
runs_defence,xlsr_linear_asv19_defence,asvspoof2019_la,noise_60db,pgd,10.0,1.0,1.0,1.0,1.0,15.144527500488945,0.96,0.0381249999999999,-0.001875,xlsr_linear
runs_defence,xlsr_linear_asv19_defence,asvspoof2019_la,noise_60db,pgd,20.0,1.0,1.0,1.0,1.0,12.75638758859926,0.96,0.0381249999999999,-0.001875,xlsr_linear
runs_defence,xlsr_linear_asv19_defence,asvspoof2019_la,noise_60db,pgd,30.0,1.0,0.9993489583333334,1.0,0.9993489583333334,8.854139105764048,0.96,0.0381249999999999,-0.001875,xlsr_linear
runs_defence,xlsr_linear_asv19_defence,asvspoof2019_la,noise_60db,pgd,40.0,0.999375,0.990234375,0.999375,0.9908854166666666,7.043184541920087,0.959375,0.0381249999999999,-0.001875,xlsr_linear
runs_defence,xlsr_mamba_asv19_defence,asvspoof2019_la,mp3_64,pgd,10.0,1.0,0.991859737006888,1.0,0.965560425798372,9.633184837950536,0.998125,0.0,-0.0018749999999999,xlsr_mamba
runs_defence,xlsr_mamba_asv19_defence,asvspoof2019_la,mp3_64,pgd,20.0,1.0,0.9405134627426424,1.0,0.8296806512210394,9.042489805687229,0.998125,0.0,-0.0018749999999999,xlsr_mamba
runs_defence,xlsr_mamba_asv19_defence,asvspoof2019_la,mp3_64,pgd,30.0,0.999375,0.8309329993738259,0.99,0.7138384470882906,8.027592301538359,0.988125,0.0,-0.0018749999999999,xlsr_mamba
runs_defence,xlsr_mamba_asv19_defence,asvspoof2019_la,mp3_64,pgd,40.0,0.928125,0.7288666249217283,0.861875,0.6249217282404509,6.181209514999937,0.86,0.0,-0.0018749999999999,xlsr_mamba
runs_defence,xlsr_mamba_asv19_defence,asvspoof2019_la,bandpass_4k,pgd,10.0,1.0,0.991859737006888,0.993125,0.754539762053851,7.888947859429958,0.99125,0.0006249999999999,-0.0012499999999999,xlsr_mamba
runs_defence,xlsr_mamba_asv19_defence,asvspoof2019_la,bandpass_4k,pgd,20.0,1.0,0.9405134627426424,0.846875,0.6424546023794615,5.823346073613379,0.8450000000000001,0.0006249999999999,-0.0012499999999999,xlsr_mamba
runs_defence,xlsr_mamba_asv19_defence,asvspoof2019_la,bandpass_4k,pgd,30.0,0.999375,0.8309329993738259,0.6487499999999999,0.5372573575453976,4.056472184442963,0.646875,0.0006249999999999,-0.0012499999999999,xlsr_mamba
runs_defence,xlsr_mamba_asv19_defence,asvspoof2019_la,bandpass_4k,pgd,40.0,0.928125,0.7288666249217283,0.37375,0.4126487163431434,2.3530872816017556,0.371875,0.0006249999999999,-0.0012499999999999,xlsr_mamba
runs_defence,xlsr_mamba_asv19_defence,asvspoof2019_la,encodec_24,pgd,10.0,1.0,0.991859737006888,0.998125,0.728240450845335,7.629390483593325,0.99625,0.0,-0.0018749999999999,xlsr_mamba
runs_defence,xlsr_mamba_asv19_defence,asvspoof2019_la,encodec_24,pgd,20.0,1.0,0.9405134627426424,0.925625,0.6374452097683156,6.5240512814158285,0.92375,0.0,-0.0018749999999999,xlsr_mamba
runs_defence,xlsr_mamba_asv19_defence,asvspoof2019_la,encodec_24,pgd,30.0,0.999375,0.8309329993738259,0.7125,0.5604257983719474,4.796936737157471,0.7106250000000001,0.0,-0.0018749999999999,xlsr_mamba
runs_defence,xlsr_mamba_asv19_defence,asvspoof2019_la,encodec_24,pgd,40.0,0.928125,0.7288666249217283,0.176875,0.2567313713212273,1.0708543099136016,0.175,0.0,-0.0018749999999999,xlsr_mamba
runs_defence,xlsr_mamba_asv19_defence,asvspoof2019_la,noise_60db,pgd,10.0,1.0,0.991859737006888,1.0,0.991859737006888,10.24900137960102,0.998125,0.0012499999999999,-0.000625,xlsr_mamba
runs_defence,xlsr_mamba_asv19_defence,asvspoof2019_la,noise_60db,pgd,20.0,1.0,0.9405134627426424,1.0,0.9405134627426424,9.88997978236882,0.998125,0.0012499999999999,-0.000625,xlsr_mamba
runs_defence,xlsr_mamba_asv19_defence,asvspoof2019_la,noise_60db,pgd,30.0,0.999375,0.8309329993738259,0.999375,0.8309329993738259,9.399909049453044,0.9975,0.0012499999999999,-0.000625,xlsr_mamba
runs_defence,xlsr_mamba_asv19_defence,asvspoof2019_la,noise_60db,pgd,40.0,0.928125,0.7288666249217283,0.925625,0.7288666249217283,7.939687340942782,0.92375,0.0012499999999999,-0.000625,xlsr_mamba
runs_defence_noise,aasist3_asv19_defence,asvspoof2019_la,noise_30db,pgd,10.0,1.0,0.9716840536512668,1.0,0.9724292101341282,11.69609633151694,0.83875,0.305,0.14375,aasist3_kan
runs_defence_noise,aasist3_asv19_defence,asvspoof2019_la,noise_30db,pgd,20.0,1.0,0.9970193740685545,1.0,0.9955290611028316,11.766434269238612,0.83875,0.305,0.14375,aasist3_kan
runs_defence_noise,aasist3_asv19_defence,asvspoof2019_la,noise_30db,pgd,30.0,1.0,0.9985096870342772,1.0,0.9992548435171386,11.776324428289678,0.83875,0.305,0.14375,aasist3_kan
runs_defence_noise,aasist3_asv19_defence,asvspoof2019_la,noise_30db,pgd,40.0,1.0,1.0,0.995,0.9918032786885246,11.327101891770829,0.83375,0.305,0.14375,aasist3_kan
runs_defence_noise,aasist3_asv19_defence,asvspoof2019_la,noise_20db,pgd,10.0,1.0,0.9716840536512668,1.0,0.970193740685544,11.640065039174248,0.83875,0.395,0.23375,aasist3_kan
runs_defence_noise,aasist3_asv19_defence,asvspoof2019_la,noise_20db,pgd,20.0,1.0,0.9970193740685545,1.0,0.9858420268256334,11.472496974787903,0.83875,0.395,0.23375,aasist3_kan
runs_defence_noise,aasist3_asv19_defence,asvspoof2019_la,noise_20db,pgd,30.0,1.0,0.9985096870342772,0.98625,0.9560357675111774,10.219442740006102,0.825,0.395,0.23375,aasist3_kan
runs_defence_noise,aasist3_asv19_defence,asvspoof2019_la,noise_20db,pgd,40.0,1.0,1.0,0.745625,0.6922503725782414,8.280309639477546,0.584375,0.395,0.23375,aasist3_kan
runs_defence_noise,aasist3_asv19_defence,asvspoof2019_la,encodec_24,pgd,10.0,1.0,0.9716840536512668,0.914375,0.8994038748137109,9.441210803907618,0.753125,0.285,0.12375,aasist3_kan
runs_defence_noise,aasist3_asv19_defence,asvspoof2019_la,encodec_24,pgd,20.0,1.0,0.9970193740685545,0.935625,0.9269746646795828,9.911745397935002,0.774375,0.285,0.12375,aasist3_kan
runs_defence_noise,aasist3_asv19_defence,asvspoof2019_la,encodec_24,pgd,30.0,1.0,0.9985096870342772,0.921875,0.9076005961251864,10.12124749098182,0.760625,0.285,0.12375,aasist3_kan
runs_defence_noise,aasist3_asv19_defence,asvspoof2019_la,encodec_24,pgd,40.0,1.0,1.0,0.60375,0.5461997019374069,9.2550652438674,0.4425,0.285,0.12375,aasist3_kan
runs_defence_noise,aasist_asv19_defence,asvspoof2019_la,noise_30db,pgd,10.0,1.0,0.9289308176100628,1.0,0.9289308176100628,18.545273918262,0.99375,0.0074999999999999,0.0012499999999999,aasist
runs_defence_noise,aasist_asv19_defence,asvspoof2019_la,noise_30db,pgd,20.0,0.99875,0.9779874213836478,0.99875,0.9773584905660376,19.127451307445188,0.9925,0.0074999999999999,0.0012499999999999,aasist
runs_defence_noise,aasist_asv19_defence,asvspoof2019_la,noise_30db,pgd,30.0,0.995,0.9672955974842768,0.978125,0.950314465408805,15.89858063302659,0.971875,0.0074999999999999,0.0012499999999999,aasist
runs_defence_noise,aasist_asv19_defence,asvspoof2019_la,noise_30db,pgd,40.0,0.738125,0.7245283018867924,0.331875,0.3245283018867924,2.3317706495214026,0.325625,0.0074999999999999,0.0012499999999999,aasist
runs_defence_noise,aasist_asv19_defence,asvspoof2019_la,noise_20db,pgd,10.0,1.0,0.9289308176100628,1.0,0.9289308176100628,18.05677796263521,0.99375,0.02,0.01375,aasist
runs_defence_noise,aasist_asv19_defence,asvspoof2019_la,noise_20db,pgd,20.0,0.99875,0.9779874213836478,0.995625,0.970440251572327,16.95812011929526,0.989375,0.02,0.01375,aasist
runs_defence_noise,aasist_asv19_defence,asvspoof2019_la,noise_20db,pgd,30.0,0.995,0.9672955974842768,0.676875,0.6729559748427673,4.5446047131956835,0.670625,0.02,0.01375,aasist
runs_defence_noise,aasist_asv19_defence,asvspoof2019_la,noise_20db,pgd,40.0,0.738125,0.7245283018867924,0.10875,0.1427672955974842,0.5091017047551345,0.1025,0.02,0.01375,aasist
runs_defence_noise,aasist_asv19_defence,asvspoof2019_la,encodec_24,pgd,10.0,1.0,0.9289308176100628,0.99875,0.8440251572327044,13.132293149711748,0.9925,0.0162499999999999,0.01,aasist
runs_defence_noise,aasist_asv19_defence,asvspoof2019_la,encodec_24,pgd,20.0,0.99875,0.9779874213836478,0.935,0.7232704402515723,9.590842568141037,0.92875,0.0162499999999999,0.01,aasist
runs_defence_noise,aasist_asv19_defence,asvspoof2019_la,encodec_24,pgd,30.0,0.995,0.9672955974842768,0.269375,0.2861635220125786,1.5936589278338609,0.263125,0.0162499999999999,0.01,aasist
runs_defence_noise,aasist_asv19_defence,asvspoof2019_la,encodec_24,pgd,40.0,0.738125,0.7245283018867924,0.0543749999999999,0.0465408805031446,0.4427604439707104,0.0481249999999999,0.0162499999999999,0.01,aasist
runs_defence_noise,nes2net_v2_asv19_defence,asvspoof2019_la,noise_30db,pgd,10.0,0.836875,0.834375,0.8356250000000001,0.83375,15.546294231684634,0.8356250000000001,0.0,0.0,nes2net_v2
runs_defence_noise,nes2net_v2_asv19_defence,asvspoof2019_la,noise_30db,pgd,20.0,0.964375,0.783125,0.940625,0.781875,13.803027302529983,0.940625,0.0,0.0,nes2net_v2
runs_defence_noise,nes2net_v2_asv19_defence,asvspoof2019_la,noise_30db,pgd,30.0,0.906875,0.744375,0.720625,0.7,8.95064532008428,0.720625,0.0,0.0,nes2net_v2
runs_defence_noise,nes2net_v2_asv19_defence,asvspoof2019_la,noise_30db,pgd,40.0,0.610625,0.56875,0.07625,0.08125,0.7589511351986702,0.07625,0.0,0.0,nes2net_v2
runs_defence_noise,nes2net_v2_asv19_defence,asvspoof2019_la,noise_20db,pgd,10.0,0.836875,0.834375,0.87375,0.829375,15.33488526116415,0.87375,0.0018749999999999,0.0018749999999999,nes2net_v2
runs_defence_noise,nes2net_v2_asv19_defence,asvspoof2019_la,noise_20db,pgd,20.0,0.964375,0.783125,0.794375,0.72625,10.179104691939468,0.794375,0.0018749999999999,0.0018749999999999,nes2net_v2
runs_defence_noise,nes2net_v2_asv19_defence,asvspoof2019_la,noise_20db,pgd,30.0,0.906875,0.744375,0.0649999999999999,0.074375,0.7133447757807381,0.0649999999999999,0.0018749999999999,0.0018749999999999,nes2net_v2
runs_defence_noise,nes2net_v2_asv19_defence,asvspoof2019_la,noise_20db,pgd,40.0,0.610625,0.56875,0.00375,0.005,0.0790229503464407,0.00375,0.0018749999999999,0.0018749999999999,nes2net_v2
runs_defence_noise,nes2net_v2_asv19_defence,asvspoof2019_la,encodec_24,pgd,10.0,0.836875,0.834375,0.8525,0.755625,12.141538997588302,0.8525,0.0006249999999999,0.0006249999999999,nes2net_v2
runs_defence_noise,nes2net_v2_asv19_defence,asvspoof2019_la,encodec_24,pgd,20.0,0.964375,0.783125,0.8,0.614375,7.770835565696041,0.8,0.0006249999999999,0.0006249999999999,nes2net_v2
runs_defence_noise,nes2net_v2_asv19_defence,asvspoof2019_la,encodec_24,pgd,30.0,0.906875,0.744375,0.556875,0.4975,4.66395019215251,0.556875,0.0006249999999999,0.0006249999999999,nes2net_v2
runs_defence_noise,nes2net_v2_asv19_defence,asvspoof2019_la,encodec_24,pgd,40.0,0.610625,0.56875,0.12875,0.278125,1.269077979023965,0.12875,0.0006249999999999,0.0006249999999999,nes2net_v2
runs_defence_noise,ssl_aasist_asv19_defence,asvspoof2019_la,noise_30db,pgd,10.0,1.0,0.9993742177722152,1.0,0.9993742177722152,19.906195551551257,0.99875,0.0018749999999999,0.0006249999999999,ssl_aasist
runs_defence_noise,ssl_aasist_asv19_defence,asvspoof2019_la,noise_30db,pgd,20.0,0.998125,0.9799749687108886,0.994375,0.9780976220275344,18.869468385795727,0.993125,0.0018749999999999,0.0006249999999999,ssl_aasist
runs_defence_noise,ssl_aasist_asv19_defence,asvspoof2019_la,noise_30db,pgd,30.0,0.995625,0.8967459324155194,0.8400000000000001,0.7390488110137672,11.084224899935885,0.8387500000000001,0.0018749999999999,0.0006249999999999,ssl_aasist
runs_defence_noise,ssl_aasist_asv19_defence,asvspoof2019_la,noise_30db,pgd,40.0,0.94625,0.7252816020025031,0.08625,0.0713391739674593,1.0261641229688885,0.085,0.0018749999999999,0.0006249999999999,ssl_aasist
runs_defence_noise,ssl_aasist_asv19_defence,asvspoof2019_la,noise_20db,pgd,10.0,1.0,0.9993742177722152,1.0,0.9993742177722152,19.85875163773963,0.99875,0.00375,0.0025,ssl_aasist
runs_defence_noise,ssl_aasist_asv19_defence,asvspoof2019_la,noise_20db,pgd,20.0,0.998125,0.9799749687108886,0.94125,0.8178973717146433,12.440154330130854,0.94,0.00375,0.0025,ssl_aasist
runs_defence_noise,ssl_aasist_asv19_defence,asvspoof2019_la,noise_20db,pgd,30.0,0.995625,0.8967459324155194,0.103125,0.0876095118898623,1.002934527211932,0.101875,0.00375,0.0025,ssl_aasist
runs_defence_noise,ssl_aasist_asv19_defence,asvspoof2019_la,noise_20db,pgd,40.0,0.94625,0.7252816020025031,0.0074999999999999,0.0100125156445556,0.1249234838750127,0.0062499999999999,0.00375,0.0025,ssl_aasist
runs_defence_noise,ssl_aasist_asv19_defence,asvspoof2019_la,encodec_24,pgd,10.0,1.0,0.9993742177722152,0.9975,0.9055068836045056,15.794352240861,0.99625,0.0012499999999999,0.0,ssl_aasist
runs_defence_noise,ssl_aasist_asv19_defence,asvspoof2019_la,encodec_24,pgd,20.0,0.998125,0.9799749687108886,0.93875,0.7040050062578223,12.516781921581506,0.9375,0.0012499999999999,0.0,ssl_aasist
runs_defence_noise,ssl_aasist_asv19_defence,asvspoof2019_la,encodec_24,pgd,30.0,0.995625,0.8967459324155194,0.74375,0.571964956195244,8.543284587280745,0.7425,0.0012499999999999,0.0,ssl_aasist
runs_defence_noise,ssl_aasist_asv19_defence,asvspoof2019_la,encodec_24,pgd,40.0,0.94625,0.7252816020025031,0.1318749999999999,0.3072590738423029,1.2142833731676732,0.130625,0.0012499999999999,0.0,ssl_aasist
runs_defence_noise,xlsr_linear_asv19_defence,asvspoof2019_la,noise_30db,pgd,10.0,1.0,1.0,1.0,1.0,14.960801139604396,0.96,0.0437499999999999,0.0037499999999999,xlsr_linear
runs_defence_noise,xlsr_linear_asv19_defence,asvspoof2019_la,noise_30db,pgd,20.0,1.0,1.0,1.0,1.0,11.766057721572157,0.96,0.0437499999999999,0.0037499999999999,xlsr_linear
runs_defence_noise,xlsr_linear_asv19_defence,asvspoof2019_la,noise_30db,pgd,30.0,1.0,0.9993489583333334,0.999375,0.9973958333333334,5.345716313841979,0.959375,0.0437499999999999,0.0037499999999999,xlsr_linear
runs_defence_noise,xlsr_linear_asv19_defence,asvspoof2019_la,noise_30db,pgd,40.0,0.999375,0.990234375,0.4,0.3626302083333333,1.097214901086491,0.36,0.0437499999999999,0.0037499999999999,xlsr_linear
runs_defence_noise,xlsr_linear_asv19_defence,asvspoof2019_la,noise_20db,pgd,10.0,1.0,1.0,1.0,1.0,13.625101456733972,0.96,0.1006249999999999,0.0606249999999999,xlsr_linear
runs_defence_noise,xlsr_linear_asv19_defence,asvspoof2019_la,noise_20db,pgd,20.0,1.0,1.0,1.0,0.9973958333333334,5.87669252196866,0.96,0.1006249999999999,0.0606249999999999,xlsr_linear
runs_defence_noise,xlsr_linear_asv19_defence,asvspoof2019_la,noise_20db,pgd,30.0,1.0,0.9993489583333334,0.529375,0.4908854166666667,1.3025898567341487,0.489375,0.1006249999999999,0.0606249999999999,xlsr_linear
runs_defence_noise,xlsr_linear_asv19_defence,asvspoof2019_la,noise_20db,pgd,40.0,0.999375,0.990234375,0.180625,0.1725260416666666,0.7086125058843749,0.140625,0.1006249999999999,0.0606249999999999,xlsr_linear
runs_defence_noise,xlsr_linear_asv19_defence,asvspoof2019_la,encodec_24,pgd,10.0,1.0,1.0,1.0,0.9973958333333334,9.053623407669482,0.96,0.051875,0.0118749999999999,xlsr_linear
runs_defence_noise,xlsr_linear_asv19_defence,asvspoof2019_la,encodec_24,pgd,20.0,1.0,1.0,0.999375,0.9856770833333334,6.786516916151533,0.959375,0.051875,0.0118749999999999,xlsr_linear
runs_defence_noise,xlsr_linear_asv19_defence,asvspoof2019_la,encodec_24,pgd,30.0,1.0,0.9993489583333334,0.97875,0.8893229166666666,3.867632099875137,0.93875,0.051875,0.0118749999999999,xlsr_linear
runs_defence_noise,xlsr_linear_asv19_defence,asvspoof2019_la,encodec_24,pgd,40.0,0.999375,0.990234375,0.8075,0.6360677083333334,2.3624646031588528,0.7675,0.051875,0.0118749999999999,xlsr_linear
runs_defence_noise,xlsr_mamba_asv19_defence,asvspoof2019_la,noise_30db,pgd,10.0,1.0,0.9912335629304948,1.0,0.9899812147777082,10.218386672166194,0.998125,0.0056249999999999,0.00375,xlsr_mamba
runs_defence_noise,xlsr_mamba_asv19_defence,asvspoof2019_la,noise_30db,pgd,20.0,1.0,0.9386349405134627,1.0,0.9204758922980588,9.594955583174396,0.998125,0.0056249999999999,0.00375,xlsr_mamba
runs_defence_noise,xlsr_mamba_asv19_defence,asvspoof2019_la,noise_30db,pgd,30.0,1.0,0.828428303068253,0.91375,0.6274264245460238,6.640045358689886,0.911875,0.0056249999999999,0.00375,xlsr_mamba
runs_defence_noise,xlsr_mamba_asv19_defence,asvspoof2019_la,noise_30db,pgd,40.0,0.9225,0.7276142767689417,0.1099999999999999,0.0895428929242329,0.760961506427862,0.108125,0.0056249999999999,0.00375,xlsr_mamba
runs_defence_noise,xlsr_mamba_asv19_defence,asvspoof2019_la,noise_20db,pgd,10.0,1.0,0.9912335629304948,1.0,0.9843456480901692,9.930205361460946,0.998125,0.0112499999999999,0.009375,xlsr_mamba
runs_defence_noise,xlsr_mamba_asv19_defence,asvspoof2019_la,noise_20db,pgd,20.0,1.0,0.9386349405134627,0.923125,0.617407639323732,6.144460315208279,0.92125,0.0112499999999999,0.009375,xlsr_mamba
runs_defence_noise,xlsr_mamba_asv19_defence,asvspoof2019_la,noise_20db,pgd,30.0,1.0,0.828428303068253,0.11,0.2041327489041953,0.506605532839731,0.108125,0.0112499999999999,0.009375,xlsr_mamba
runs_defence_noise,xlsr_mamba_asv19_defence,asvspoof2019_la,noise_20db,pgd,40.0,0.9225,0.7276142767689417,0.0287499999999999,0.095178459611772,0.1575414935835767,0.026875,0.0112499999999999,0.009375,xlsr_mamba
runs_defence_noise,xlsr_mamba_asv19_defence,asvspoof2019_la,encodec_24,pgd,10.0,1.0,0.9912335629304948,0.998125,0.725735754539762,7.616291372826584,0.99625,0.0,-0.0018749999999999,xlsr_mamba
runs_defence_noise,xlsr_mamba_asv19_defence,asvspoof2019_la,encodec_24,pgd,20.0,1.0,0.9386349405134627,0.92125,0.6318096430807765,6.492362433925433,0.919375,0.0,-0.0018749999999999,xlsr_mamba
runs_defence_noise,xlsr_mamba_asv19_defence,asvspoof2019_la,encodec_24,pgd,30.0,1.0,0.828428303068253,0.730625,0.5554164057608015,4.857620600455209,0.72875,0.0,-0.0018749999999999,xlsr_mamba
runs_defence_noise,xlsr_mamba_asv19_defence,asvspoof2019_la,encodec_24,pgd,40.0,0.9225,0.7276142767689417,0.1925,0.2761427676894176,1.187325277835516,0.190625,0.0,-0.0018749999999999,xlsr_mamba
runs_eot,ssl_aasist_asv19_eot,asvspoof2019_la,noise_30db,pgd,30.0,0.9925,0.9005006257822278,0.844375,0.7459324155193993,11.04152423996937,0.843125,0.0018749999999999,0.0006249999999999,ssl_aasist
runs_eot,ssl_aasist_asv19_eot,asvspoof2019_la,noise_30db,pgd,40.0,0.9425,0.718397997496871,0.089375,0.0713391739674593,1.010166074834874,0.088125,0.0018749999999999,0.0006249999999999,ssl_aasist
runs_eot,ssl_aasist_asv19_eot,asvspoof2019_la,noise_30db,pgd_eot,30.0,0.275,0.3204005006257822,0.2356249999999999,0.2647058823529412,2.4297526826044997,0.234375,0.0018749999999999,0.0006249999999999,ssl_aasist
runs_eot,ssl_aasist_asv19_eot,asvspoof2019_la,noise_30db,pgd_eot,40.0,0.0068749999999999,0.0112640801001251,0.0074999999999999,0.0143929912390488,0.1903465172285411,0.0062499999999999,0.0018749999999999,0.0006249999999999,ssl_aasist
runs_eot,ssl_aasist_asv19_eot,asvspoof2019_la,noise_20db,pgd,30.0,0.9925,0.9005006257822278,0.1018749999999999,0.0832290362953692,1.0034533256880482,0.1006249999999999,0.00375,0.0025,ssl_aasist
runs_eot,ssl_aasist_asv19_eot,asvspoof2019_la,noise_20db,pgd,40.0,0.9425,0.718397997496871,0.00875,0.0093867334167709,0.1251340108640039,0.0075,0.00375,0.0025,ssl_aasist
runs_eot,ssl_aasist_asv19_eot,asvspoof2019_la,noise_20db,pgd_eot,30.0,0.275,0.3204005006257822,0.176875,0.1733416770963704,1.5692661964708965,0.175625,0.00375,0.0025,ssl_aasist
runs_eot,ssl_aasist_asv19_eot,asvspoof2019_la,noise_20db,pgd_eot,40.0,0.0068749999999999,0.0112640801001251,0.00875,0.0100125156445556,0.1335627872025303,0.0075,0.00375,0.0025,ssl_aasist
runs_eot,ssl_aasist_asv19_eot,asvspoof2019_la,encodec_24,pgd,30.0,0.9925,0.9005006257822278,0.75,0.5700876095118899,8.402380100712884,0.74875,0.0012499999999999,0.0,ssl_aasist
runs_eot,ssl_aasist_asv19_eot,asvspoof2019_la,encodec_24,pgd,40.0,0.9425,0.718397997496871,0.1274999999999999,0.3178973717146433,1.237886632226671,0.12625,0.0012499999999999,0.0,ssl_aasist
runs_eot,ssl_aasist_asv19_eot,asvspoof2019_la,encodec_24,pgd_eot,30.0,0.275,0.3204005006257822,0.17125,0.2784730913642053,1.482984322046423,0.17,0.0012499999999999,0.0,ssl_aasist
runs_eot,ssl_aasist_asv19_eot,asvspoof2019_la,encodec_24,pgd_eot,40.0,0.0068749999999999,0.0112640801001251,0.005,0.0037546933667083,0.0298225985711895,0.00375,0.0012499999999999,0.0,ssl_aasist
runs_eot,xlsr_mamba_asv19_eot,asvspoof2019_la,noise_30db,pgd,30.0,1.0,0.8303068252974327,0.903125,0.628052598622417,6.6707212151467,0.90125,0.0056249999999999,0.00375,xlsr_mamba
runs_eot,xlsr_mamba_asv19_eot,asvspoof2019_la,noise_30db,pgd,40.0,0.92625,0.7244834063869756,0.108125,0.0964308077645585,0.7808038933900955,0.10625,0.0056249999999999,0.00375,xlsr_mamba
runs_eot,xlsr_mamba_asv19_eot,asvspoof2019_la,noise_30db,pgd_eot,30.0,0.2175,0.2567313713212273,0.210625,0.258609893550407,1.4081442306096437,0.20875,0.0056249999999999,0.00375,xlsr_mamba
runs_eot,xlsr_mamba_asv19_eot,asvspoof2019_la,noise_30db,pgd_eot,40.0,0.0106249999999999,0.0244207889793362,0.03,0.0256731371321227,0.239607777341979,0.028125,0.0056249999999999,0.00375,xlsr_mamba
runs_eot,xlsr_mamba_asv19_eot,asvspoof2019_la,noise_20db,pgd,30.0,1.0,0.8303068252974327,0.1156249999999999,0.2091421415153412,0.5225882768188661,0.11375,0.0112499999999999,0.009375,xlsr_mamba
runs_eot,xlsr_mamba_asv19_eot,asvspoof2019_la,noise_20db,pgd,40.0,0.92625,0.7244834063869756,0.0256249999999999,0.0989355040701314,0.1554127302174217,0.02375,0.0112499999999999,0.009375,xlsr_mamba
runs_eot,xlsr_mamba_asv19_eot,asvspoof2019_la,noise_20db,pgd_eot,30.0,0.2175,0.2567313713212273,0.216875,0.3963681903569192,1.1680611356845667,0.215,0.0112499999999999,0.009375,xlsr_mamba
runs_eot,xlsr_mamba_asv19_eot,asvspoof2019_la,noise_20db,pgd_eot,40.0,0.0106249999999999,0.0244207889793362,0.051875,0.1195992485911083,0.2204991464110897,0.05,0.0112499999999999,0.009375,xlsr_mamba
runs_eot,xlsr_mamba_asv19_eot,asvspoof2019_la,encodec_24,pgd,30.0,1.0,0.8303068252974327,0.72,0.5654351909830932,4.903554136132474,0.718125,0.0,-0.0018749999999999,xlsr_mamba
runs_eot,xlsr_mamba_asv19_eot,asvspoof2019_la,encodec_24,pgd,40.0,0.92625,0.7244834063869756,0.166875,0.2617407639323732,1.0101365859611384,0.165,0.0,-0.0018749999999999,xlsr_mamba
runs_eot,xlsr_mamba_asv19_eot,asvspoof2019_la,encodec_24,pgd_eot,30.0,0.2175,0.2567313713212273,0.1324999999999999,0.1984971822166562,0.7540899634000322,0.130625,0.0,-0.0018749999999999,xlsr_mamba
runs_eot,xlsr_mamba_asv19_eot,asvspoof2019_la,encodec_24,pgd_eot,40.0,0.0106249999999999,0.0244207889793362,0.00375,0.0025046963055729,0.01550043464016,0.001875,0.0,-0.0018749999999999,xlsr_mamba
runs_eot30_ssl_aasist,ssl_aasist_asv19_eot30,asvspoof2019_la,noise_30db,pgd,30.0,0.995625,0.8961201501877347,0.838125,0.7459324155193993,11.104619995547704,0.836875,0.0018749999999999,0.0006249999999999,ssl_aasist
runs_eot30_ssl_aasist,ssl_aasist_asv19_eot30,asvspoof2019_la,noise_30db,pgd,40.0,0.930625,0.7221526908635795,0.0837499999999999,0.0707133917396746,1.024891296591821,0.0825,0.0018749999999999,0.0006249999999999,ssl_aasist
runs_eot30_ssl_aasist,ssl_aasist_asv19_eot30,asvspoof2019_la,noise_30db,pgd_eot,30.0,0.461875,0.5150187734668336,0.39,0.4530663329161452,4.4428215211341335,0.38875,0.0018749999999999,0.0006249999999999,ssl_aasist
runs_eot30_ssl_aasist,ssl_aasist_asv19_eot30,asvspoof2019_la,noise_30db,pgd_eot,40.0,0.01375,0.0187734668335419,0.0074999999999999,0.0219023779724655,0.276930528229511,0.0062499999999999,0.0018749999999999,0.0006249999999999,ssl_aasist
runs_eot30_ssl_aasist,ssl_aasist_asv19_eot30,asvspoof2019_la,noise_20db,pgd,30.0,0.995625,0.8961201501877347,0.1012499999999999,0.0863579474342928,0.988062157174446,0.0999999999999999,0.00375,0.0025,ssl_aasist
runs_eot30_ssl_aasist,ssl_aasist_asv19_eot30,asvspoof2019_la,noise_20db,pgd,40.0,0.930625,0.7221526908635795,0.0068749999999999,0.0093867334167709,0.1245947074748443,0.0056249999999999,0.00375,0.0025,ssl_aasist
runs_eot30_ssl_aasist,ssl_aasist_asv19_eot30,asvspoof2019_la,noise_20db,pgd_eot,30.0,0.461875,0.5150187734668336,0.235,0.295369211514393,2.409402647723833,0.23375,0.00375,0.0025,ssl_aasist
runs_eot30_ssl_aasist,ssl_aasist_asv19_eot30,asvspoof2019_la,noise_20db,pgd_eot,40.0,0.01375,0.0187734668335419,0.0124999999999999,0.0118898623279098,0.1736763285921288,0.0112499999999999,0.00375,0.0025,ssl_aasist
runs_eot30_ssl_aasist,ssl_aasist_asv19_eot30,asvspoof2019_la,encodec_24,pgd,30.0,0.995625,0.8961201501877347,0.753125,0.567584480600751,8.50453041307474,0.7518750000000001,0.0012499999999999,0.0,ssl_aasist
runs_eot30_ssl_aasist,ssl_aasist_asv19_eot30,asvspoof2019_la,encodec_24,pgd,40.0,0.930625,0.7221526908635795,0.129375,0.3191489361702128,1.2110519108886373,0.128125,0.0012499999999999,0.0,ssl_aasist
runs_eot30_ssl_aasist,ssl_aasist_asv19_eot30,asvspoof2019_la,encodec_24,pgd_eot,30.0,0.461875,0.5150187734668336,0.331875,0.4374217772215269,3.6588241608621583,0.330625,0.0012499999999999,0.0,ssl_aasist
runs_eot30_ssl_aasist,ssl_aasist_asv19_eot30,asvspoof2019_la,encodec_24,pgd_eot,40.0,0.01375,0.0187734668335419,0.0074999999999999,0.0062578222778473,0.0368554333635512,0.0062499999999999,0.0012499999999999,0.0,ssl_aasist
runs_eot30_xlsr_mamba,xlsr_mamba_asv19_eot30,asvspoof2019_la,noise_30db,pgd,30.0,0.99875,0.8346900438321854,0.900625,0.63055729492799,6.619400438125958,0.89875,0.0056249999999999,0.00375,xlsr_mamba
runs_eot30_xlsr_mamba,xlsr_mamba_asv19_eot30,asvspoof2019_la,noise_30db,pgd,40.0,0.929375,0.7269881026925485,0.113125,0.0932999373825923,0.7690060261380441,0.11125,0.0056249999999999,0.00375,xlsr_mamba
runs_eot30_xlsr_mamba,xlsr_mamba_asv19_eot30,asvspoof2019_la,noise_30db,pgd_eot,30.0,0.383125,0.4182842830306825,0.374375,0.4057608015028178,2.4230386670934614,0.3725,0.0056249999999999,0.00375,xlsr_mamba
runs_eot30_xlsr_mamba,xlsr_mamba_asv19_eot30,asvspoof2019_la,noise_30db,pgd_eot,40.0,0.015,0.034439574201628,0.0318749999999999,0.0419536631183469,0.3179805160790219,0.03,0.0056249999999999,0.00375,xlsr_mamba
runs_eot30_xlsr_mamba,xlsr_mamba_asv19_eot30,asvspoof2019_la,noise_20db,pgd,30.0,0.99875,0.8346900438321854,0.1162499999999999,0.2160300563556668,0.5150336227733827,0.114375,0.0112499999999999,0.009375,xlsr_mamba
runs_eot30_xlsr_mamba,xlsr_mamba_asv19_eot30,asvspoof2019_la,noise_20db,pgd,40.0,0.929375,0.7269881026925485,0.0274999999999999,0.0920475892298058,0.1535288453043098,0.025625,0.0112499999999999,0.009375,xlsr_mamba
runs_eot30_xlsr_mamba,xlsr_mamba_asv19_eot30,asvspoof2019_la,noise_20db,pgd_eot,30.0,0.383125,0.4182842830306825,0.348125,0.4733876017532874,1.7465445742611363,0.34625,0.0112499999999999,0.009375,xlsr_mamba
runs_eot30_xlsr_mamba,xlsr_mamba_asv19_eot30,asvspoof2019_la,noise_20db,pgd_eot,40.0,0.015,0.034439574201628,0.0649999999999999,0.1433938634940513,0.2746790445762724,0.063125,0.0112499999999999,0.009375,xlsr_mamba
runs_eot30_xlsr_mamba,xlsr_mamba_asv19_eot30,asvspoof2019_la,encodec_24,pgd,30.0,0.99875,0.8346900438321854,0.7275,0.5629304946775203,4.942309628885379,0.7256250000000001,0.0,-0.0018749999999999,xlsr_mamba
runs_eot30_xlsr_mamba,xlsr_mamba_asv19_eot30,asvspoof2019_la,encodec_24,pgd,40.0,0.929375,0.7269881026925485,0.190625,0.2761427676894176,1.1568890847163495,0.18875,0.0,-0.0018749999999999,xlsr_mamba
runs_eot30_xlsr_mamba,xlsr_mamba_asv19_eot30,asvspoof2019_la,encodec_24,pgd_eot,30.0,0.383125,0.4182842830306825,0.28625,0.3556668753913587,1.7112230759797635,0.284375,0.0,-0.0018749999999999,xlsr_mamba
runs_eot30_xlsr_mamba,xlsr_mamba_asv19_eot30,asvspoof2019_la,encodec_24,pgd_eot,40.0,0.015,0.034439574201628,0.00375,0.0050093926111458,0.0206398750627948,0.001875,0.0,-0.0018749999999999,xlsr_mamba
