run_group,run,dataset,model,attack,level,kind,n,snr,pesq_wb,pesq_wb_p10,stoi,stoi_p10,pcm16_kept
runs_perceptual,perceptual_asv19,asvspoof2019_la,aasist,pgd,70.0,attack,40,70.4856548044112,4.640754699707031,4.624567556381225,0.9999998572626716,0.9999996162025512,1.071828878929256
runs_perceptual,perceptual_asv19,asvspoof2019_la,aasist,pgd,60.0,attack,40,60.82571572938744,4.617374658584595,4.554960298538208,0.9999985850483628,0.9999961939116238,0.9757469995343604
runs_perceptual,perceptual_asv19,asvspoof2019_la,aasist,pgd,50.0,attack,40,51.38516550336667,4.3874945640563965,4.190172147750855,0.9999870085903416,0.9999607881016483,1.0010199321639903
runs_perceptual,perceptual_asv19,asvspoof2019_la,aasist,pgd,45.0,attack,40,46.667716132318574,4.044158697128296,3.7061726808547975,0.999960086715993,0.9998937121514272,1.002333646228308
runs_perceptual,perceptual_asv19,asvspoof2019_la,aasist,pgd,40.0,attack,40,42.03995447445797,3.5991662740707397,3.041019105911255,0.9998813716000562,0.999660819442552,1.0011100111248947
runs_perceptual,perceptual_asv19,asvspoof2019_la,aasist,pgd,30.0,attack,40,32.906136443889736,2.6498045921325684,2.2855451345443725,0.9989366770234398,0.997635003562235,1.0004628344713098
runs_perceptual,perceptual_asv19,asvspoof2019_la,aasist,pgd,20.0,attack,40,23.478435923721772,1.822860896587372,1.5518608570098875,0.9908913809923652,0.982119421155209,0.9999077733403486
runs_perceptual,perceptual_asv19,asvspoof2019_la,aasist,pgd,70.0,noise,40,70.4856548044112,4.641034841537476,4.617326736450195,0.9999999192171852,0.9999997889991156,
runs_perceptual,perceptual_asv19,asvspoof2019_la,aasist,pgd,60.0,noise,40,60.82571572938744,4.614337205886841,4.516347885131836,0.99999916407808,0.99999793541252,
runs_perceptual,perceptual_asv19,asvspoof2019_la,aasist,pgd,50.0,noise,40,51.38516550336667,4.200226545333862,3.9595929384231567,0.9999922669960896,0.9999818708840756,
runs_perceptual,perceptual_asv19,asvspoof2019_la,aasist,pgd,45.0,noise,40,46.667716132318574,3.798195838928222,3.255194354057312,0.9999763215424308,0.9999353635606328,
runs_perceptual,perceptual_asv19,asvspoof2019_la,aasist,pgd,40.0,noise,40,42.03995447445797,3.3871912956237793,2.8620763540267946,0.9999294258737792,0.999833957584616,
runs_perceptual,perceptual_asv19,asvspoof2019_la,aasist,pgd,30.0,noise,40,32.906136443889736,2.5364506244659424,2.155958867073059,0.9993940726708778,0.998602191172238,
runs_perceptual,perceptual_asv19,asvspoof2019_la,aasist,pgd,20.0,noise,40,23.478435923721772,1.7701882123947144,1.5038259506225586,0.994916249936278,0.9876086625618932,
runs_perceptual,perceptual_asv19,asvspoof2019_la,spectra_aasist3,pgd,70.0,attack,40,71.3984020787314,4.639460563659668,4.622293424606323,0.9999999051837736,0.999999680079138,1.162847354367674
runs_perceptual,perceptual_asv19,asvspoof2019_la,spectra_aasist3,pgd,60.0,attack,40,62.46982746525548,4.614144325256348,4.565041780471802,0.9999992119353036,0.9999971946771538,0.9859973137990592
runs_perceptual,perceptual_asv19,asvspoof2019_la,spectra_aasist3,pgd,50.0,attack,40,53.15078174021379,4.337496995925903,4.152864646911621,0.9999918807869131,0.9999736489255548,1.0042466514750856
runs_perceptual,perceptual_asv19,asvspoof2019_la,spectra_aasist3,pgd,45.0,attack,40,48.27563716485666,3.9865528345108032,3.628425431251526,0.9999729316384712,0.9999273741846568,0.9996303821561748
runs_perceptual,perceptual_asv19,asvspoof2019_la,spectra_aasist3,pgd,40.0,attack,40,43.40982849027617,3.5364277362823486,2.979411792755127,0.9999092669773308,0.9997629780710804,1.001016999740329
runs_perceptual,perceptual_asv19,asvspoof2019_la,spectra_aasist3,pgd,30.0,attack,40,33.58533216425141,2.610583543777466,2.1946783304214477,0.9990358267660664,0.9973341473639435,1.0003331505446733
runs_perceptual,perceptual_asv19,asvspoof2019_la,spectra_aasist3,pgd,20.0,attack,40,23.74192554971815,1.7856532335281372,1.5445239901542664,0.9911063487507046,0.9827036667196928,0.999929799117116
runs_perceptual,perceptual_asv19,asvspoof2019_la,spectra_aasist3,pgd,70.0,noise,40,71.3984020787314,4.642009735107422,4.618608713150024,0.9999999314905216,0.999999830659128,
runs_perceptual,perceptual_asv19,asvspoof2019_la,spectra_aasist3,pgd,60.0,noise,40,62.46982746525548,4.628962993621826,4.539627599716186,0.99999942877531,0.9999985574848576,
runs_perceptual,perceptual_asv19,asvspoof2019_la,spectra_aasist3,pgd,50.0,noise,40,53.15078174021379,4.330576658248901,4.069271993637085,0.9999947905823896,0.9999873382875064,
runs_perceptual,perceptual_asv19,asvspoof2019_la,spectra_aasist3,pgd,45.0,noise,40,48.27563716485666,3.938185095787048,3.514616584777832,0.9999838866000028,0.9999526317811324,
runs_perceptual,perceptual_asv19,asvspoof2019_la,spectra_aasist3,pgd,40.0,noise,40,43.40982849027617,3.502678632736206,2.9743221521377565,0.9999439033662212,0.999873605778903,
runs_perceptual,perceptual_asv19,asvspoof2019_la,spectra_aasist3,pgd,30.0,noise,40,33.58533216425141,2.582114338874817,2.18238365650177,0.9995061954511972,0.9988338655652752,
runs_perceptual,perceptual_asv19,asvspoof2019_la,spectra_aasist3,pgd,20.0,noise,40,23.74192554971815,1.7911028861999512,1.5314952254295349,0.9951981185107872,0.98797859208163,
runs_perceptual,perceptual_asv19,asvspoof2019_la,ssl_aasist,pgd,70.0,attack,40,70.9873538814555,4.635924577713013,4.621586608886719,0.9999997818094322,0.9999993015849212,1.1572757417256896
runs_perceptual,perceptual_asv19,asvspoof2019_la,ssl_aasist,pgd,60.0,attack,40,61.18220371428931,4.591120719909668,4.552703857421875,0.9999977904890816,0.999992792762748,0.977293371364216
runs_perceptual,perceptual_asv19,asvspoof2019_la,ssl_aasist,pgd,50.0,attack,40,51.93345417069435,4.310519456863403,4.12008581161499,0.9999707849876452,0.9999289796041124,1.0017835824808885
runs_perceptual,perceptual_asv19,asvspoof2019_la,ssl_aasist,pgd,45.0,attack,40,47.17346166583964,3.930154800415039,3.5751941442489623,0.9999032224482064,0.999787336385974,1.000885204667875
runs_perceptual,perceptual_asv19,asvspoof2019_la,ssl_aasist,pgd,40.0,attack,40,42.425128752782534,3.5159369707107544,2.959253358840942,0.9997169804846726,0.9993158768251292,1.0004709584060394
runs_perceptual,perceptual_asv19,asvspoof2019_la,ssl_aasist,pgd,30.0,attack,40,33.05126582350124,2.578783631324768,2.188288187980652,0.9975417844327904,0.9945960351829432,1.0005705789824253
runs_perceptual,perceptual_asv19,asvspoof2019_la,ssl_aasist,pgd,20.0,attack,40,23.460073113081197,1.7611322402954102,1.5167850375175476,0.9839591773353032,0.9674672626858788,0.9999014272657428
runs_perceptual,perceptual_asv19,asvspoof2019_la,ssl_aasist,pgd,70.0,noise,40,70.9873538814555,4.64145040512085,4.622591590881347,0.9999999240677552,0.999999794802084,
runs_perceptual,perceptual_asv19,asvspoof2019_la,ssl_aasist,pgd,60.0,noise,40,61.18220371428931,4.616220951080322,4.546055936813355,0.9999992394714972,0.9999980547358074,
runs_perceptual,perceptual_asv19,asvspoof2019_la,ssl_aasist,pgd,50.0,noise,40,51.93345417069435,4.234257698059082,3.9816983699798585,0.9999928853419254,0.9999834980409614,
runs_perceptual,perceptual_asv19,asvspoof2019_la,ssl_aasist,pgd,45.0,noise,40,47.17346166583964,3.8150397539138794,3.382592415809631,0.9999779017108652,0.9999428259569328,
runs_perceptual,perceptual_asv19,asvspoof2019_la,ssl_aasist,pgd,40.0,noise,40,42.425128752782534,3.394862413406372,2.898983955383301,0.9999323288690628,0.9998434497948172,
runs_perceptual,perceptual_asv19,asvspoof2019_la,ssl_aasist,pgd,30.0,noise,40,33.05126582350124,2.556161642074585,2.155516767501831,0.999422602478562,0.9986152899033848,
runs_perceptual,perceptual_asv19,asvspoof2019_la,ssl_aasist,pgd,20.0,noise,40,23.460073113081197,1.768035888671875,1.499013364315033,0.9947386937085668,0.9868431243668684,
